{
"type": "FeatureCollection",
"name": "kenogami_isobathes_simplified",
"crs": { "type": "name", "properties": { "name": "urn:ogc:def:crs:OGC:1.3:CRS84" } },
"features": [
{ "type": "Feature", "properties": { "PROFONDEUR_M": 3.05 }, "geometry": { "type": "LineString", "coordinates": [ [ -71.27903211216217, 48.334000602958916 ], [ -71.278698029703889, 48.333579518968719 ], [ -71.278707212609064, 48.333356978835873 ], [ -71.278932535205783, 48.333122599250906 ], [ -71.279523473957624, 48.332957730396615 ], [ -71.279824713086185, 48.332976051204703 ], [ -71.280201089143716, 48.333185107606894 ], [ -71.280807155105634, 48.333676525307972 ], [ -71.280856117633647, 48.333831061922382 ], [ -71.28072922117633, 48.33420362642201 ], [ -71.280405337255416, 48.334416236074063 ], [ -71.280118225412153, 48.33449811694031 ], [ -71.279525774898389, 48.334361805935004 ], [ -71.27903211216217, 48.334000602958916 ] ] } },
{ "type": "Feature", "properties": { "PROFONDEUR_M": 9.14 }, "geometry": { "type": "LineString", "coordinates": [ [ -71.237956389430451, 48.301114243305499 ], [ -71.24066513351454, 48.300798512355819 ], [ -71.241665042795844, 48.300978638575728 ], [ -71.241810692862273, 48.301100610619585 ], [ -71.241830782859395, 48.301262536100069 ], [ -71.241721675905964, 48.301623839234828 ], [ -71.241164403452203, 48.302071395484198 ], [ -71.240452701671884, 48.302380067902277 ], [ -71.239783088531325, 48.302505990969593 ], [ -71.239237212234428, 48.302446495698057 ], [ -71.237680308972003, 48.302040162742088 ], [ -71.235298886898889, 48.301933654495713 ], [ -71.234926913324131, 48.301829832030023 ], [ -71.234743995744154, 48.301592621082861 ], [ -71.234803419655194, 48.301347549135677 ], [ -71.235026515879227, 48.301240690499341 ], [ -71.236498878460267, 48.301237012214891 ], [ -71.237956389430451, 48.301114243305499 ] ] } },
{ "type": "Feature", "properties": { "PROFONDEUR_M": 9.14 }, "geometry": { "type": "LineString", "coordinates": [ [ -71.509060550038001, 48.345768023113607 ], [ -71.50556782552249, 48.345149450927792 ], [ -71.501912388851068, 48.344650102711419 ], [ -71.500916344145253, 48.344699488262705 ], [ -71.500469304425721, 48.344802170092144 ], [ -71.499515671606915, 48.345397887532705 ], [ -71.498572247861247, 48.34563361003336 ], [ -71.495515614027127, 48.345319771711573 ], [ -71.492762507338966, 48.344608605110942 ], [ -71.490130354182043, 48.344709076188543 ], [ -71.487647455210066, 48.344188924280367 ], [ -71.484760287574147, 48.344522332988397 ], [ -71.477750590225725, 48.343088368826024 ], [ -71.475557773088866, 48.343130435621532 ], [ -71.473437572273298, 48.342769974745714 ], [ -71.472627624244979, 48.342497909832488 ], [ -71.472096987198256, 48.342218312894659 ], [ -71.471778605449842, 48.341889954508915 ], [ -71.471324094041691, 48.341083013257851 ], [ -71.470918450659255, 48.339716212007907 ], [ -71.470006791194763, 48.33903251892999 ], [ -71.469268990318582, 48.338793072143282 ], [ -71.46759484326995, 48.338361646979514 ], [ -71.466602767127469, 48.338218382162729 ], [ -71.465420879123897, 48.338205365768637 ], [ -71.464522943112897, 48.338014617674368 ], [ -71.463331452573769, 48.337531503914505 ], [ -71.457442412720042, 48.335834872338424 ], [ -71.45649318470457, 48.335399992489677 ], [ -71.453707422923571, 48.334673129093531 ], [ -71.453394089012036, 48.334525389850803 ], [ -71.452697061731996, 48.333980268921813 ], [ -71.452063599438929, 48.333657681535477 ], [ -71.451386840852962, 48.333437911789183 ], [ -71.448790111510164, 48.333331359292941 ], [ -71.443998239842813, 48.33252851443693 ], [ -71.443572497491573, 48.332517908601439 ], [ -71.44267971487227, 48.33265524602011 ], [ -71.441920901968885, 48.33257902660452 ], [ -71.439726528470018, 48.332027373702907 ], [ -71.438048705838327, 48.332036258380732 ], [ -71.437371694908364, 48.33191203096338 ], [ -71.436106436380143, 48.331272805497434 ], [ -71.435709518849194, 48.331146089372822 ], [ -71.435657420894472, 48.331043172173572 ], [ -71.435854826703491, 48.331030461752611 ], [ -71.437917421963618, 48.331299533913963 ], [ -71.438675584899997, 48.331320735114971 ], [ -71.442498783527725, 48.331102712791434 ], [ -71.445530778803686, 48.330436467005505 ], [ -71.446151234105827, 48.330198708573192 ], [ -71.446334508856793, 48.329990824645598 ], [ -71.446400484948171, 48.329732022766542 ], [ -71.446295094963901, 48.329565958710354 ], [ -71.444153671605932, 48.328350951949467 ], [ -71.441715625759798, 48.327719428687651 ], [ -71.439328569072387, 48.326521450807782 ], [ -71.438492669050987, 48.325979165606377 ], [ -71.438113446698566, 48.325874905391167 ], [ -71.434227260828308, 48.325611404806075 ], [ -71.431286348340137, 48.325648492182509 ], [ -71.430014894009361, 48.326005812859464 ], [ -71.427145824151822, 48.327399659477635 ], [ -71.424624275179823, 48.328388249338055 ], [ -71.421479081994903, 48.329233722747993 ], [ -71.418200737156596, 48.329559502236265 ], [ -71.415393097492313, 48.329345406222785 ], [ -71.413880562463319, 48.328845623549888 ], [ -71.413296790399926, 48.328507447046157 ], [ -71.411613240053356, 48.327844319781903 ], [ -71.410816704119654, 48.32745049529035 ], [ -71.408431726003414, 48.326944005928766 ], [ -71.402897346019984, 48.325977836236369 ], [ -71.400532008213005, 48.325797088910377 ], [ -71.392991462297019, 48.326047972687718 ], [ -71.388710565413888, 48.326027447412628 ], [ -71.385254639339067, 48.32550081342319 ], [ -71.381947780637674, 48.324743037026728 ], [ -71.379559326534775, 48.3246073549927 ], [ -71.378120503443483, 48.32462343713128 ], [ -71.377780528469586, 48.324480451011411 ], [ -71.376799295304536, 48.323563025114879 ], [ -71.376240461600062, 48.323251351492161 ], [ -71.373762344617717, 48.322991189943806 ], [ -71.37256508508591, 48.32296821230981 ], [ -71.371664220695777, 48.32320229853395 ], [ -71.370668538683859, 48.323691805250043 ], [ -71.370414546576441, 48.324140030194457 ], [ -71.370213751028913, 48.325311510980626 ], [ -71.370450383982345, 48.325560484887063 ], [ -71.371950359404494, 48.326531975770926 ], [ -71.373805914194293, 48.327459197756525 ], [ -71.374284026989372, 48.327927011993836 ], [ -71.37450740752017, 48.328246874618607 ], [ -71.374513224045501, 48.32840426848184 ], [ -71.374445392800624, 48.328574331792687 ], [ -71.374194324629514, 48.328681665469965 ], [ -71.373065287628108, 48.328640684036834 ], [ -71.372646059000758, 48.328715591649576 ], [ -71.372440920455247, 48.328833779996998 ], [ -71.37226746292103, 48.329013919644588 ], [ -71.372136660837057, 48.32932224910428 ], [ -71.37241574868203, 48.330199148324006 ], [ -71.372281401878141, 48.330293781813452 ], [ -71.371907220840583, 48.330296104076886 ], [ -71.371242724990068, 48.330119385105903 ], [ -71.370586287236591, 48.32974828270855 ], [ -71.370306509619127, 48.329454550998101 ], [ -71.370052859253718, 48.328790057079814 ], [ -71.369677810211485, 48.328423865394768 ], [ -71.368762791590683, 48.328052742661221 ], [ -71.367395999905867, 48.327730647255315 ], [ -71.366435515661038, 48.32721753143359 ], [ -71.366293580958455, 48.327086808026614 ], [ -71.365955712143162, 48.326417805076382 ], [ -71.365088881973548, 48.325773101823593 ], [ -71.364633603725594, 48.325319377536111 ], [ -71.364447945470431, 48.324856491809854 ], [ -71.364210227800868, 48.322699181333462 ], [ -71.364424923416692, 48.320523807537619 ], [ -71.364216863210629, 48.320158593538132 ], [ -71.36390955851148, 48.319931589796973 ], [ -71.363306263670509, 48.319781973098394 ], [ -71.362774572124621, 48.319834254827398 ], [ -71.362115288325313, 48.319753009702211 ], [ -71.360818275773312, 48.319015613378795 ], [ -71.360285851669971, 48.318886011857884 ], [ -71.359609173184069, 48.318876221529614 ], [ -71.358219317977785, 48.319025747017101 ], [ -71.357498575649259, 48.319262654542165 ], [ -71.356080569125439, 48.319347956237053 ], [ -71.355044913165429, 48.318984775530147 ], [ -71.354126779312296, 48.318495444592514 ], [ -71.35343574272828, 48.318269157356312 ], [ -71.352855526464978, 48.318179510241713 ], [ -71.350920902535819, 48.318112375044372 ], [ -71.350174368170485, 48.317930965821333 ], [ -71.34961255877235, 48.317697482582723 ], [ -71.349098622791601, 48.317368071634988 ], [ -71.348562388995589, 48.317229312235732 ], [ -71.345749210484016, 48.317082612736854 ], [ -71.345161919701141, 48.316841565959955 ], [ -71.3448706671373, 48.316624753856452 ], [ -71.344286806915761, 48.315940632563908 ], [ -71.343637009684741, 48.315627623730094 ], [ -71.343140133981436, 48.315505207480079 ], [ -71.341132344723661, 48.315106772201133 ], [ -71.34011925542103, 48.315000680947179 ], [ -71.339048227869498, 48.315139859926759 ], [ -71.338339357461393, 48.315401849529835 ], [ -71.338002165197679, 48.315414426926061 ], [ -71.337564181016077, 48.315256589754291 ], [ -71.336331457761133, 48.314544450308794 ], [ -71.335915305090367, 48.314522419458214 ], [ -71.334844956656184, 48.314682722761894 ], [ -71.334180595120557, 48.314651339732826 ], [ -71.333614547765933, 48.314450968314908 ], [ -71.332749831462792, 48.314003510260484 ], [ -71.330493104329165, 48.313335828055152 ], [ -71.330079532167602, 48.313145770567758 ], [ -71.32932761342046, 48.312533350289087 ], [ -71.328615925400143, 48.312140945171812 ], [ -71.328060408803708, 48.311519204860197 ], [ -71.32759387207814, 48.311154596097403 ], [ -71.32599585474216, 48.310905584714611 ], [ -71.325345808766158, 48.310949795404916 ], [ -71.323846266788621, 48.311361930475329 ], [ -71.321999355030854, 48.311330348735176 ], [ -71.319737043633424, 48.310908286657749 ], [ -71.319081245379948, 48.310929391507663 ], [ -71.317350063535571, 48.311407973726951 ], [ -71.315301869770821, 48.31240499345494 ], [ -71.314374929215504, 48.312491358252139 ], [ -71.313072016634564, 48.312352221753152 ], [ -71.312118176762539, 48.312108171286567 ], [ -71.311259804193242, 48.311539595245691 ], [ -71.310429343528313, 48.310783538372952 ], [ -71.308435744696808, 48.310061694149191 ], [ -71.306929166391868, 48.309776722611169 ], [ -71.306047822342393, 48.309770665824878 ], [ -71.304301868197228, 48.310091096664713 ], [ -71.302968886971854, 48.310487929134091 ], [ -71.30053960511691, 48.311398272168496 ], [ -71.299840676042834, 48.311501817513971 ], [ -71.299135261528704, 48.311370511648548 ], [ -71.297936898460023, 48.310520008984334 ], [ -71.297119925888211, 48.31016999023749 ], [ -71.29644021298121, 48.31004715587239 ], [ -71.295756017999636, 48.310112612474683 ], [ -71.295266013085552, 48.310334779353205 ], [ -71.293467211538285, 48.311890334043952 ], [ -71.292464326308675, 48.312393382364959 ], [ -71.290953045788171, 48.312941550283604 ], [ -71.289454215192734, 48.313717730105601 ], [ -71.288579477394364, 48.314265735138285 ], [ -71.287232972148232, 48.315470086646236 ], [ -71.286931372635223, 48.315946252623355 ], [ -71.286715232529417, 48.316698776880379 ], [ -71.286602589213757, 48.319061537705814 ], [ -71.286439159686594, 48.319382919734224 ], [ -71.286143669835823, 48.319641217070242 ], [ -71.28583678751734, 48.319763346473735 ], [ -71.285404791723451, 48.319806257007016 ], [ -71.283135080059353, 48.319454759777713 ], [ -71.28157934847583, 48.320001695482709 ], [ -71.281139848847189, 48.320018347753312 ], [ -71.280326335074221, 48.319732261497315 ], [ -71.279991473314482, 48.319291509469032 ], [ -71.279797284329433, 48.318567690508992 ], [ -71.279354857951049, 48.317584415240511 ], [ -71.278644173566491, 48.316536308292406 ], [ -71.278457133412914, 48.316123895077688 ], [ -71.278737064370659, 48.315051797953672 ], [ -71.27907897516215, 48.314421946146254 ], [ -71.279173691435489, 48.314000671165068 ], [ -71.279150365144162, 48.313655745768067 ], [ -71.278821197492903, 48.31298825665921 ], [ -71.278802596252063, 48.312697077415997 ], [ -71.279124958820745, 48.312021112056584 ], [ -71.280190694822792, 48.310649233156397 ], [ -71.280266157762426, 48.310406268819747 ], [ -71.279977925201081, 48.308559760290791 ], [ -71.279511668782504, 48.307264614767682 ], [ -71.279567473888491, 48.306389128145469 ], [ -71.279366011887205, 48.306153314144595 ], [ -71.278196854402907, 48.305664159334562 ], [ -71.276865152667142, 48.30530663796641 ], [ -71.276034905943661, 48.305201072938168 ], [ -71.275328515824768, 48.305224060211835 ], [ -71.274282004373887, 48.3054003138204 ], [ -71.273490444809624, 48.305415647450857 ], [ -71.271830860983215, 48.305335439371653 ], [ -71.27067133548563, 48.305011113433011 ], [ -71.269927554801669, 48.30495204730385 ], [ -71.266428410411407, 48.305161362569343 ], [ -71.265841457676629, 48.305120235874284 ], [ -71.263628791815336, 48.304526388358333 ], [ -71.262267379717642, 48.303852484094875 ], [ -71.259542237871116, 48.302934456229636 ], [ -71.258627597472469, 48.302378962657599 ], [ -71.256173008506906, 48.30137865634746 ], [ -71.255544217687685, 48.301278689608004 ], [ -71.254785054100694, 48.301309894581465 ], [ -71.254205092602206, 48.301405880172908 ], [ -71.25300625189989, 48.301786843358208 ], [ -71.252355162881429, 48.301811915896394 ], [ -71.251559053601, 48.301581543994928 ], [ -71.249834550240919, 48.300761345400261 ], [ -71.248333847681124, 48.300373439203831 ], [ -71.246827963901879, 48.300413600568746 ], [ -71.245403604149615, 48.300756400700529 ], [ -71.244684608835044, 48.30107846614937 ], [ -71.243049929186242, 48.302076340949995 ], [ -71.241843631976167, 48.303022103366168 ], [ -71.2402440736508, 48.303691538427117 ], [ -71.239208558737658, 48.304681543852112 ], [ -71.237627946531163, 48.306771591377426 ], [ -71.237187303153036, 48.307212842197934 ], [ -71.236922454118712, 48.307371182769607 ], [ -71.236411870983687, 48.30747097696937 ], [ -71.236037291044468, 48.307373542493856 ], [ -71.235922035221165, 48.306491415522579 ], [ -71.235439950796447, 48.305802246894125 ], [ -71.235254075715375, 48.305670590065738 ], [ -71.23442963058298, 48.305552749472206 ], [ -71.233521761844216, 48.305663641520404 ], [ -71.232016762892741, 48.306044793981897 ], [ -71.230587727615742, 48.30651968939906 ], [ -71.229371134975111, 48.307074666258067 ], [ -71.229017455631165, 48.307408390903525 ], [ -71.228549715488555, 48.308323177521856 ], [ -71.228248484366418, 48.308677055216215 ], [ -71.226690941151091, 48.309712108802863 ], [ -71.225575913539856, 48.310796948679126 ], [ -71.224704821130047, 48.311322819705779 ], [ -71.223633109944984, 48.311503029282115 ], [ -71.222814720759629, 48.311442801292124 ], [ -71.222060570457444, 48.311131086634461 ], [ -71.221362433280078, 48.31057169215056 ], [ -71.22032257401618, 48.310401505423279 ], [ -71.219510082725321, 48.310531397267816 ], [ -71.218705169574477, 48.311183540516005 ], [ -71.218099363880853, 48.311210905672063 ], [ -71.216874307989443, 48.310619605459429 ], [ -71.215656423658601, 48.310146669535506 ], [ -71.215327607783991, 48.30990976763124 ], [ -71.214758780159244, 48.309744382687825 ], [ -71.213998539671522, 48.309211774182032 ], [ -71.213611421443957, 48.309119720578011 ], [ -71.212234170568166, 48.309142936066706 ], [ -71.212005258746643, 48.309027468228763 ], [ -71.211965628283195, 48.308747714396063 ], [ -71.212246734241447, 48.308597058781672 ], [ -71.212905465955188, 48.308514791931266 ], [ -71.216274080666679, 48.309296394837105 ], [ -71.217319479695846, 48.309338937367087 ], [ -71.218303434182602, 48.309481972011326 ], [ -71.219308402426734, 48.309411173841774 ], [ -71.222510000014736, 48.307869968460857 ], [ -71.224451836258552, 48.306433981160097 ], [ -71.225390018248845, 48.305875090621164 ], [ -71.226079386956812, 48.30570154973109 ], [ -71.227223787684864, 48.305921099160535 ], [ -71.227886488412778, 48.305794007911103 ], [ -71.228559618442787, 48.305387000897547 ], [ -71.229640672453499, 48.304920416731107 ], [ -71.231051404171694, 48.303657120697217 ], [ -71.231116154159324, 48.302950590276573 ], [ -71.230594295297237, 48.301681210024675 ], [ -71.230426058611741, 48.301035754309972 ], [ -71.230509497234848, 48.300858665827654 ], [ -71.230833522341143, 48.300642626578522 ], [ -71.231119934046518, 48.300280828144459 ], [ -71.231248269743759, 48.299964737286814 ], [ -71.231258142161849, 48.299681201661727 ], [ -71.231017827369996, 48.299336993398583 ], [ -71.230675513550423, 48.299162071329242 ], [ -71.229861272069115, 48.298957871552325 ], [ -71.229286655198734, 48.298722540536346 ], [ -71.227701153615229, 48.298476391138969 ], [ -71.226373560619379, 48.298151495329414 ], [ -71.225057593312883, 48.29759331499401 ], [ -71.222847900889448, 48.295951819074091 ], [ -71.222236915587374, 48.295645193018579 ], [ -71.221051564872241, 48.295454096273929 ], [ -71.217719334643377, 48.295925277016181 ], [ -71.217179223821489, 48.295888906326603 ], [ -71.21619176836434, 48.29546727652545 ], [ -71.21484926988299, 48.295051076706628 ], [ -71.213535815588401, 48.293991125894976 ], [ -71.21308384425717, 48.294000537576437 ], [ -71.211773187723068, 48.294384903746923 ], [ -71.211069340672651, 48.294260331244644 ], [ -71.210783157674811, 48.293969002384053 ], [ -71.210789474223816, 48.293207474558216 ], [ -71.210991275232985, 48.292905949302565 ], [ -71.21139565205398, 48.292719147404348 ], [ -71.212645330393784, 48.292527980431295 ], [ -71.214084611610772, 48.29263896552505 ], [ -71.21604934974286, 48.292542813589662 ], [ -71.217483188825852, 48.292581183832084 ], [ -71.220486232457446, 48.293006090888028 ], [ -71.225739537514301, 48.293320760429381 ], [ -71.227686078623677, 48.293217342437146 ], [ -71.228817905786755, 48.293089004935943 ], [ -71.229285387375384, 48.292947771486546 ], [ -71.230539514441077, 48.291786893278285 ], [ -71.231302032621485, 48.291429423846772 ], [ -71.232327579987739, 48.291123164341073 ], [ -71.233287600238171, 48.291109153193609 ], [ -71.234250969750804, 48.291279328618032 ], [ -71.235982605252417, 48.291928685417126 ], [ -71.236864991847909, 48.292475989394205 ], [ -71.237266211725029, 48.292818346079969 ], [ -71.237744458264558, 48.293411890965437 ], [ -71.238219795726877, 48.29385725870609 ], [ -71.238391274441256, 48.2939294316919 ], [ -71.240276659959804, 48.293624748918376 ], [ -71.241972965809808, 48.293750394844906 ], [ -71.243052479879324, 48.293916292084219 ], [ -71.244905177655113, 48.29453375909349 ], [ -71.250478666142328, 48.295172022852604 ], [ -71.251298845738333, 48.29516952014356 ], [ -71.255974623297874, 48.295790596712685 ], [ -71.257162770935821, 48.295816228268535 ], [ -71.258075236579799, 48.295984177718807 ], [ -71.26152300116442, 48.296327532407247 ], [ -71.268346983472284, 48.297860419891428 ], [ -71.270981756836179, 48.2982917309279 ], [ -71.272770645624746, 48.298447879433226 ], [ -71.279626511531404, 48.299574503356055 ], [ -71.283333982768383, 48.300595645635127 ], [ -71.285736269054425, 48.301097745400313 ], [ -71.287236829695985, 48.301624949474295 ], [ -71.288620357830936, 48.302350349418745 ], [ -71.289126832216056, 48.302890279916099 ], [ -71.28993832398487, 48.304155317896004 ], [ -71.290291560245024, 48.30436113205073 ], [ -71.290850828365677, 48.304509562633548 ], [ -71.291413669247348, 48.304561754350516 ], [ -71.294288703303152, 48.304373287134148 ], [ -71.295566071794326, 48.304142230605251 ], [ -71.297091500892222, 48.303564832238926 ], [ -71.298057863568573, 48.303474194858822 ], [ -71.301495375614664, 48.303610486567408 ], [ -71.303634305879825, 48.303782946702604 ], [ -71.310531947624611, 48.304708044079511 ], [ -71.313674996372768, 48.304513687806626 ], [ -71.316238063412101, 48.304499866628717 ], [ -71.318524975667614, 48.30473483580937 ], [ -71.320540968955811, 48.30452104703744 ], [ -71.325744076740449, 48.304493507366622 ], [ -71.326398732834988, 48.304608806195546 ], [ -71.327467621415067, 48.30494651022223 ], [ -71.329063913063308, 48.30614446413724 ], [ -71.329462622633287, 48.306315741775258 ], [ -71.331050691846926, 48.306746629004579 ], [ -71.335008309042337, 48.307583452409936 ], [ -71.335982685055868, 48.307628026614751 ], [ -71.340061101850736, 48.307206833172451 ], [ -71.341370088136699, 48.307280879241077 ], [ -71.34300663368397, 48.307659914471515 ], [ -71.343662231841975, 48.307730396596781 ], [ -71.34510811330118, 48.307678782391562 ], [ -71.346328682808235, 48.307832012393447 ], [ -71.348074000434309, 48.30770451958427 ], [ -71.349987899307322, 48.308364763997588 ], [ -71.351980541867874, 48.308514726674886 ], [ -71.35501565586263, 48.309039396702538 ], [ -71.357178960556027, 48.309249434930187 ], [ -71.359688684803018, 48.309674798828652 ], [ -71.362350572405248, 48.309701683488733 ], [ -71.365384726607601, 48.310448242701291 ], [ -71.367815530901225, 48.310530432493252 ], [ -71.369550116661117, 48.31048374009994 ], [ -71.374219740023548, 48.310923780244096 ], [ -71.37784228125571, 48.311030792926466 ], [ -71.378737087634093, 48.311268991664249 ], [ -71.380008606080708, 48.311790005463124 ], [ -71.381422461122938, 48.312009986816278 ], [ -71.382581911091791, 48.312834943715671 ], [ -71.382957613025795, 48.313007691881971 ], [ -71.385381877131778, 48.313567134701685 ], [ -71.385945639486295, 48.313818868742402 ], [ -71.388433739336875, 48.315352358609857 ], [ -71.389077189220728, 48.315582613018826 ], [ -71.393549163107593, 48.316122903017522 ], [ -71.395596599656102, 48.31681697280429 ], [ -71.399191497027147, 48.317407599660854 ], [ -71.400775303808089, 48.318085561268553 ], [ -71.403079364311523, 48.319575376503458 ], [ -71.404534471182274, 48.319953791953701 ], [ -71.406985647816953, 48.3201786556168 ], [ -71.408061048715524, 48.320371252161401 ], [ -71.411894044452822, 48.322090601563325 ], [ -71.412736109285504, 48.322396869533058 ], [ -71.413896192293393, 48.322758345495835 ], [ -71.418180423630815, 48.323671908746022 ], [ -71.419431796010528, 48.324026005046136 ], [ -71.420114544677176, 48.324293598079663 ], [ -71.423488375561945, 48.325966700245189 ], [ -71.423934377355863, 48.326100705407526 ], [ -71.424717406394194, 48.326124847243214 ], [ -71.426539542738197, 48.325755277718564 ], [ -71.428001434092451, 48.325335785084654 ], [ -71.429757291163099, 48.325194567801191 ], [ -71.43124476998311, 48.324820152819207 ], [ -71.432347205619379, 48.324814965469791 ], [ -71.433458646578401, 48.324956454801054 ], [ -71.434470637456272, 48.32487293441261 ], [ -71.43611634868094, 48.324960720988372 ], [ -71.437583370326948, 48.324763491252646 ], [ -71.438846147830233, 48.324768486364306 ], [ -71.439188139213258, 48.324689133107363 ], [ -71.440019506540594, 48.324219193047767 ], [ -71.440714444220092, 48.323273227618735 ], [ -71.440910534423807, 48.323188948269099 ], [ -71.441388798377446, 48.323189730127872 ], [ -71.441637802429085, 48.323241653814193 ], [ -71.441849415633683, 48.323391835021468 ], [ -71.44203987195101, 48.325006156808463 ], [ -71.442296514686277, 48.325871082996784 ], [ -71.442547972267988, 48.326379260084643 ], [ -71.442786589116182, 48.326634656551185 ], [ -71.443124695683181, 48.326772502111574 ], [ -71.44461105977885, 48.327005987453269 ], [ -71.444869312498838, 48.327117196261582 ], [ -71.445809509544404, 48.327849738957525 ], [ -71.447608131354983, 48.328472588091536 ], [ -71.452483784436026, 48.329171212438787 ], [ -71.45539044111807, 48.329882621894846 ], [ -71.460188967547182, 48.330381009877051 ], [ -71.462617956131695, 48.330994604010527 ], [ -71.464204721577772, 48.331029287114028 ], [ -71.46645077999186, 48.330885348946474 ], [ -71.468187649658319, 48.330891316695322 ], [ -71.469393697534613, 48.331125070216771 ], [ -71.470826448486605, 48.331701332470523 ], [ -71.472370076240409, 48.33204434135272 ], [ -71.473635687676676, 48.332704243801317 ], [ -71.474404527705957, 48.332937158711353 ], [ -71.474965739223251, 48.332956813683793 ], [ -71.476822223341131, 48.332528871541193 ], [ -71.477710939408226, 48.332497972584683 ], [ -71.47799810680695, 48.332623998262711 ], [ -71.478543115944618, 48.333153436887962 ], [ -71.479182466712558, 48.333567994142861 ], [ -71.479862606080189, 48.333905550167181 ], [ -71.481614937917811, 48.334574633282486 ], [ -71.482910213302645, 48.334975239050571 ], [ -71.485804714073126, 48.335523463375964 ], [ -71.487699244494806, 48.336140074770405 ], [ -71.489966423753501, 48.336674602984097 ], [ -71.491185045028857, 48.336803523821267 ], [ -71.492449234958286, 48.336627843749582 ], [ -71.494481941395904, 48.336854340569658 ], [ -71.496468396848272, 48.33731405037021 ], [ -71.498131890004544, 48.337834936636355 ], [ -71.500786635611036, 48.338444003845048 ], [ -71.508456929503993, 48.339185436593979 ], [ -71.510627432686036, 48.339813260031661 ], [ -71.511635173524027, 48.340251231623654 ], [ -71.51397946567792, 48.340391505025664 ], [ -71.515408720293166, 48.340722043231196 ], [ -71.517170027620097, 48.340559828871363 ], [ -71.518619572149021, 48.340825952253915 ], [ -71.519699747198331, 48.341125823586715 ], [ -71.521539564792604, 48.341338981249528 ], [ -71.522706456214522, 48.34166070240213 ], [ -71.524346743232016, 48.342381188458241 ], [ -71.525141022546862, 48.342625492215554 ], [ -71.527586015238953, 48.343009625799688 ], [ -71.52875667685926, 48.343297198622089 ], [ -71.530245267110089, 48.343544538594116 ], [ -71.534538824046891, 48.344742245413478 ], [ -71.535812346487518, 48.345008907916906 ], [ -71.538855392199565, 48.34590687969294 ], [ -71.543596226970365, 48.347590035439183 ], [ -71.544809463784219, 48.348220877119999 ], [ -71.546472725575669, 48.349307910333941 ], [ -71.547467911942078, 48.350175843296334 ], [ -71.548465514762327, 48.351350681187313 ], [ -71.548812110204381, 48.351605930026459 ], [ -71.549344493132963, 48.351934328910495 ], [ -71.552270728385054, 48.35313222318743 ], [ -71.552744504320671, 48.353420897616644 ], [ -71.553665018272881, 48.354324851531487 ], [ -71.554511826427429, 48.355419116102652 ], [ -71.555710559666053, 48.357856752103459 ], [ -71.555830429882818, 48.358194502521556 ], [ -71.555786864715273, 48.358479520742755 ], [ -71.555248222267323, 48.358795563278072 ], [ -71.554273292807778, 48.359026194495293 ], [ -71.553605917934462, 48.359090016276078 ], [ -71.551848355869637, 48.358851294982188 ], [ -71.550682445068574, 48.358387298435304 ], [ -71.549823694194657, 48.357873737303834 ], [ -71.549234010541511, 48.357666541323717 ], [ -71.548462157411663, 48.357525692271821 ], [ -71.547532206762, 48.35759776703658 ], [ -71.546131990897052, 48.357964595443391 ], [ -71.543667519750898, 48.358061482093028 ], [ -71.541902972332934, 48.357681069544192 ], [ -71.538719043932318, 48.357429684884323 ], [ -71.538330556028896, 48.357162335265315 ], [ -71.538333894276988, 48.356828404986274 ], [ -71.538686610008597, 48.355920075912586 ], [ -71.539182102412795, 48.35548914816976 ], [ -71.539430217399357, 48.354884929437148 ], [ -71.539852546397739, 48.354633587036034 ], [ -71.539875335861538, 48.354156661999347 ], [ -71.539533267994187, 48.353646598491295 ], [ -71.538447835737472, 48.353021328392771 ], [ -71.537472731384284, 48.351823596636549 ], [ -71.536903098908141, 48.351339490594135 ], [ -71.534201954518764, 48.350202719301997 ], [ -71.5328773393761, 48.349795631841751 ], [ -71.531513095877287, 48.349604346753168 ], [ -71.530757350642162, 48.349211820542692 ], [ -71.528388713892454, 48.348839075398637 ], [ -71.527468862072467, 48.34854786644253 ], [ -71.527106367795312, 48.348587585763212 ], [ -71.526005980889579, 48.349134463250302 ], [ -71.524738035800922, 48.349459321224423 ], [ -71.52350364850912, 48.349530548961532 ], [ -71.522087809440805, 48.349388937425417 ], [ -71.520854220974371, 48.348989269019064 ], [ -71.520273111831528, 48.348702616043226 ], [ -71.517310420687934, 48.346707988438453 ] ] } },
{ "type": "Feature", "properties": { "PROFONDEUR_M": 7.01 }, "geometry": { "type": "LineString", "coordinates": [ [ -71.464289903202882, 48.360971475873789 ], [ -71.464308954760938, 48.360865368275071 ], [ -71.464132584301908, 48.36086738031242 ], [ -71.46412368251265, 48.360959286427921 ], [ -71.464289903202882, 48.360971475873789 ] ] } },
{ "type": "Feature", "properties": { "PROFONDEUR_M": 27.43 }, "geometry": { "type": "LineString", "coordinates": [ [ -71.286460117797674, 48.302403465186437 ], [ -71.286909300598708, 48.30276925702794 ], [ -71.287267225583847, 48.303212053886284 ], [ -71.287384889057847, 48.303522827719739 ], [ -71.287164164332509, 48.303775142543152 ], [ -71.286309121608497, 48.303970069959419 ], [ -71.285274856441418, 48.304053520629409 ], [ -71.282552260813006, 48.303748129558841 ], [ -71.277864600544021, 48.303790486920278 ], [ -71.276012352363836, 48.304142588697182 ], [ -71.273918432366301, 48.30469347383378 ], [ -71.273234222239353, 48.304727883887459 ], [ -71.271744261599764, 48.304551870937317 ], [ -71.270254973588735, 48.304281740280764 ], [ -71.269650126621499, 48.303985525386686 ], [ -71.269298514484532, 48.303609759506479 ], [ -71.268635296859784, 48.302595288741763 ], [ -71.268217618454827, 48.302345261377134 ], [ -71.267358314900179, 48.302174207960903 ], [ -71.2669451068043, 48.301993176369272 ], [ -71.266059238356547, 48.301046103162356 ], [ -71.265573081719367, 48.300794591585408 ], [ -71.260177440069867, 48.300025496496964 ], [ -71.258437338493678, 48.299465204255469 ], [ -71.254572840324684, 48.29842184954925 ], [ -71.252647264907424, 48.297748041210774 ], [ -71.252068697712744, 48.297730542162682 ], [ -71.251671165741925, 48.297850995806023 ], [ -71.250980569630258, 48.298234184163036 ], [ -71.250166245181362, 48.298832780487373 ], [ -71.24968232717336, 48.299004296269636 ], [ -71.247702176581754, 48.299129852101856 ], [ -71.246718669877723, 48.299083347249287 ], [ -71.242902417145274, 48.298624447320094 ], [ -71.240969897845318, 48.298216072349994 ], [ -71.239646378893724, 48.297727957721591 ], [ -71.238180092241578, 48.296734066722131 ], [ -71.23753321970176, 48.296558330061487 ], [ -71.23702409309206, 48.29653768849797 ], [ -71.236129606585735, 48.296743046313146 ], [ -71.235568021899297, 48.297013059811768 ], [ -71.234698047794978, 48.297498069259731 ], [ -71.233385566709558, 48.29853232637204 ], [ -71.233073165866344, 48.298692140207827 ], [ -71.23244250153914, 48.298885947288284 ], [ -71.231803031729939, 48.298857879344013 ], [ -71.22730229587593, 48.297719974257717 ], [ -71.226294970047462, 48.297339921756468 ], [ -71.224914613198877, 48.296526756326678 ], [ -71.223682666959036, 48.295535393867191 ], [ -71.222562338056335, 48.294923896571852 ], [ -71.221177522181662, 48.294781539560567 ], [ -71.217726964960505, 48.295134801272781 ], [ -71.217035832388987, 48.295098167852416 ], [ -71.216353966888732, 48.294984781945871 ], [ -71.215943769280756, 48.294831502543992 ], [ -71.214956388440015, 48.294339733940227 ], [ -71.214090868268798, 48.293678180446719 ], [ -71.213814649066776, 48.293548025163936 ], [ -71.213338106151085, 48.293476734963129 ], [ -71.212001119956582, 48.293532955328011 ], [ -71.211821807736584, 48.293436410333626 ], [ -71.212030476656508, 48.293242124598002 ], [ -71.212888784322303, 48.293069055390696 ], [ -71.215234275510639, 48.293144089044276 ], [ -71.216370717455533, 48.293053350214031 ], [ -71.223713408621975, 48.293881490555691 ], [ -71.226960851928567, 48.294104796411503 ], [ -71.228758721142597, 48.294030616291671 ], [ -71.229472545142897, 48.293921538044764 ], [ -71.229977686530759, 48.293711448717431 ], [ -71.23105887226393, 48.293022627941696 ], [ -71.231442376432682, 48.292967839424797 ], [ -71.233396543441756, 48.293522018814514 ], [ -71.235899094402626, 48.294620455777341 ], [ -71.236445780038963, 48.294783051561005 ], [ -71.237876783278637, 48.2949532860464 ], [ -71.238494608839034, 48.294732450840151 ], [ -71.239177177276659, 48.29420631724436 ], [ -71.239715978531777, 48.294056640819456 ], [ -71.240547070924038, 48.29398251198149 ], [ -71.242039387216849, 48.294078522835157 ], [ -71.244674181199287, 48.294786601595817 ], [ -71.247476020320491, 48.295235880408754 ], [ -71.248809724460983, 48.295383970894122 ], [ -71.251903825318564, 48.295541278221044 ], [ -71.260269521902373, 48.29654005627161 ], [ -71.263858983024733, 48.297265129746229 ], [ -71.266043556678596, 48.297814165575986 ], [ -71.271752414564318, 48.29884222464851 ], [ -71.273706423949108, 48.299046264261079 ], [ -71.277847597685707, 48.299637568681568 ], [ -71.280188544069048, 48.300107847282099 ], [ -71.28517392617313, 48.301506936253212 ], [ -71.285824689387027, 48.301863242134651 ], [ -71.286460117797674, 48.302403465186437 ] ] } },
{ "type": "Feature", "properties": { "PROFONDEUR_M": 0.61 }, "geometry": { "type": "LineString", "coordinates": [ [ -71.48474127169159, 48.371611083948679 ], [ -71.484789926450318, 48.371479022627419 ], [ -71.484584087428559, 48.371460565226123 ], [ -71.484543349102879, 48.371578692734538 ], [ -71.48474127169159, 48.371611083948679 ] ] } },
{ "type": "Feature", "properties": { "PROFONDEUR_M": 18.29 }, "geometry": { "type": "LineString", "coordinates": [ [ -71.286318042114345, 48.301834441495707 ], [ -71.286925950563642, 48.302194502500036 ], [ -71.287876580361342, 48.30309692568332 ], [ -71.288108196531539, 48.303702513836782 ], [ -71.288043906192541, 48.304002877018618 ], [ -71.286810079428861, 48.304346159363028 ], [ -71.284785692813813, 48.304567940713028 ], [ -71.279875960668818, 48.304247508983003 ], [ -71.278548597803081, 48.304228288386184 ], [ -71.277944110404846, 48.304299698765192 ], [ -71.274875146098552, 48.304997916754886 ], [ -71.273818782175056, 48.305085351889744 ], [ -71.271475388234563, 48.304991942721124 ], [ -71.267453354989996, 48.304544512768629 ], [ -71.26514003021552, 48.304434392036676 ], [ -71.264531472844055, 48.304285387355243 ], [ -71.261425002832169, 48.302776797856566 ], [ -71.259261507520492, 48.301892650549014 ], [ -71.25879787452142, 48.30162127582868 ], [ -71.257848398196913, 48.300874247585966 ], [ -71.257153086896139, 48.300584661645615 ], [ -71.256412297209181, 48.300335972298157 ], [ -71.252218489114483, 48.299460100227535 ], [ -71.250734775504739, 48.299222744471955 ], [ -71.249076762838982, 48.299440483780579 ], [ -71.248078262632731, 48.299442058143825 ], [ -71.244054446525936, 48.299100492557763 ], [ -71.241749606084767, 48.299046309998069 ], [ -71.23948674327066, 48.299184685170999 ], [ -71.238326670658608, 48.299340012613733 ], [ -71.23648104312511, 48.299410947295776 ], [ -71.234749018573908, 48.299268303895985 ], [ -71.231591175077298, 48.299173639433683 ], [ -71.23083063410634, 48.299012858309226 ], [ -71.230118829701638, 48.298713072401455 ], [ -71.228983787294482, 48.298427816378691 ], [ -71.227827835931947, 48.298254760818239 ], [ -71.226507634744095, 48.297807481710386 ], [ -71.225272455300242, 48.297275378653943 ], [ -71.224556566039539, 48.296877343867834 ], [ -71.222951216219499, 48.295717702300507 ], [ -71.222038717238092, 48.295305276781136 ], [ -71.221241691351764, 48.295276590850129 ], [ -71.218399688695328, 48.295543485823281 ], [ -71.216227981072137, 48.29528430178528 ], [ -71.215546564403624, 48.295070267152909 ], [ -71.215128773500822, 48.294827840907665 ], [ -71.214311953227167, 48.294108309371303 ], [ -71.213910509121916, 48.293865924084614 ], [ -71.213082891190439, 48.293641833840255 ], [ -71.211712912101959, 48.293714661267465 ], [ -71.211409171538634, 48.293514344848504 ], [ -71.211371672608692, 48.293344050680204 ], [ -71.211488804823432, 48.293158641160439 ], [ -71.211732366248768, 48.293034348195086 ], [ -71.212884654565542, 48.292818234672247 ], [ -71.214281636761612, 48.292907621968872 ], [ -71.216116063892088, 48.292879118510811 ], [ -71.225052390801949, 48.293855340035577 ], [ -71.228847110819615, 48.293736538714327 ], [ -71.229498118102711, 48.293545772886375 ], [ -71.230517252130483, 48.292697232542949 ], [ -71.231333538236441, 48.292211657167577 ], [ -71.232026382569543, 48.292001926568616 ], [ -71.232884368733394, 48.291938057040888 ], [ -71.23340595276882, 48.292113535276577 ], [ -71.23423924398837, 48.29317165222821 ], [ -71.234591822447115, 48.293382008799576 ], [ -71.235506892410854, 48.293656022372502 ], [ -71.236877333348687, 48.293916454113891 ], [ -71.23864190311123, 48.294058618010503 ], [ -71.239756519264532, 48.293815082482425 ], [ -71.241801736478962, 48.293887858388459 ], [ -71.24298747094447, 48.294092033195462 ], [ -71.24459796709111, 48.294594716542001 ], [ -71.24648084275465, 48.294868218701495 ], [ -71.251803013495518, 48.295382180875379 ], [ -71.26123172597093, 48.296511175838305 ], [ -71.266982473172845, 48.297829393972826 ], [ -71.271113618447913, 48.298527279324468 ], [ -71.277566364655371, 48.299389805164495 ], [ -71.281757963134666, 48.3003535692106 ], [ -71.284783768596867, 48.301218431220995 ], [ -71.286318042114345, 48.301834441495707 ] ] } },
{ "type": "Feature", "properties": { "PROFONDEUR_M": 15.24 }, "geometry": { "type": "LineString", "coordinates": [ [ -71.319359214421823, 48.310622796401653 ], [ -71.317236047660813, 48.310551664863958 ], [ -71.312852020810979, 48.310211398523002 ], [ -71.310664258118152, 48.310169764375658 ], [ -71.308997930494286, 48.310005954471443 ], [ -71.308469022270941, 48.309876568119066 ], [ -71.306941933690766, 48.309295317357581 ], [ -71.304777289627538, 48.308280581497371 ], [ -71.302179190904411, 48.307282334845908 ], [ -71.301767106347825, 48.307196208887198 ], [ -71.300320294337254, 48.307124657769513 ], [ -71.299451485278951, 48.307210101332551 ], [ -71.297649824149971, 48.30765046400353 ], [ -71.296116499385462, 48.307622812205871 ], [ -71.29531498488511, 48.307738632773784 ], [ -71.29504319911581, 48.30764442266419 ], [ -71.295038295061062, 48.307485464787177 ], [ -71.295369872276495, 48.306956957055213 ], [ -71.296093823584201, 48.306224150693893 ], [ -71.297348988387185, 48.305200527196099 ], [ -71.297952629519102, 48.304835733807288 ], [ -71.299094029179926, 48.304402440424873 ], [ -71.300419223615492, 48.304215444079752 ], [ -71.301116588674745, 48.304209581010831 ] ] } },
{ "type": "Feature", "properties": { "PROFONDEUR_M": 7.32 }, "geometry": { "type": "LineString", "coordinates": [ [ -71.458190317835232, 48.357111531906078 ], [ -71.458214428729363, 48.357014978310453 ], [ -71.458035790805653, 48.357003619272461 ], [ -71.458022244039626, 48.357093069333374 ], [ -71.458190317835232, 48.357111531906078 ] ] } },
{ "type": "Feature", "properties": { "PROFONDEUR_M": 2.74 }, "geometry": { "type": "LineString", "coordinates": [ [ -71.482448073482558, 48.374772037672855 ], [ -71.482469925821761, 48.37468181930673 ], [ -71.482320365389413, 48.374681085140253 ], [ -71.482313398631987, 48.374758116204333 ], [ -71.482448073482558, 48.374772037672855 ] ] } },
{ "type": "Feature", "properties": { "PROFONDEUR_M": 9.14 }, "geometry": { "type": "LineString", "coordinates": [ [ -71.262385785436862, 48.350097232062438 ], [ -71.262912708569218, 48.350450365752678 ], [ -71.263149003618651, 48.350928764656167 ], [ -71.262844551682193, 48.352735654752216 ], [ -71.262881298790461, 48.353055362785604 ], [ -71.263162581367595, 48.353252995234691 ], [ -71.263959605818172, 48.353508749015774 ], [ -71.264284561726839, 48.353708013617776 ], [ -71.265220504464565, 48.354995268725055 ], [ -71.266278214212079, 48.35602304637662 ], [ -71.266645023940669, 48.356522532141526 ], [ -71.267433541155313, 48.358140039522596 ], [ -71.268062661841654, 48.358939060418273 ], [ -71.26812384256786, 48.359163124794115 ], [ -71.268077218438549, 48.359297365493369 ], [ -71.267852688878364, 48.359321675319215 ], [ -71.267261822855474, 48.359119946315182 ], [ -71.266428060449954, 48.3584896266863 ], [ -71.265618745330073, 48.358092187627435 ], [ -71.264600873790116, 48.357735349963882 ], [ -71.263983961037766, 48.357398727278323 ], [ -71.263708662466982, 48.357042820751346 ], [ -71.263537433626581, 48.356154186260724 ], [ -71.263269966285506, 48.35564779751553 ], [ -71.262920691997323, 48.355320249440723 ], [ -71.261967291241533, 48.354795712681785 ], [ -71.261746576498012, 48.354594584161099 ], [ -71.261661138774954, 48.354434945639731 ], [ -71.261657272459232, 48.353657455502443 ], [ -71.261580051077104, 48.353430365328983 ], [ -71.261196204071155, 48.352924088188772 ], [ -71.260621425890051, 48.352388339435684 ], [ -71.260528266974958, 48.35203063042723 ], [ -71.260690122297717, 48.35171204999083 ], [ -71.261098966156879, 48.351287667456035 ], [ -71.261282412115619, 48.350371427976754 ], [ -71.261443856166167, 48.350047498900132 ], [ -71.261599682165581, 48.34994542070956 ], [ -71.261892139938936, 48.349910259101271 ], [ -71.262385785436862, 48.350097232062438 ] ] } },
{ "type": "Feature", "properties": { "PROFONDEUR_M": 54.86 }, "geometry": { "type": "LineString", "coordinates": [ [ -71.510902653892643, 48.344824520985391 ], [ -71.510119401295398, 48.344776792789929 ], [ -71.508912649500516, 48.344842792410191 ], [ -71.504134887397569, 48.343979109709863 ], [ -71.500920884886654, 48.343662859440812 ], [ -71.496986080163481, 48.342760916441343 ], [ -71.494053012298252, 48.342277116929424 ], [ -71.491233065888665, 48.342255724867911 ], [ -71.490452294370428, 48.342326305993303 ], [ -71.489203172691589, 48.342475266376546 ], [ -71.487702820370018, 48.342862667605814 ], [ -71.486679237547946, 48.342995827608689 ], [ -71.485256901061476, 48.342975001843165 ], [ -71.484406094380503, 48.342864260841665 ], [ -71.481661221570704, 48.342121363965219 ], [ -71.477227401425907, 48.340418397496606 ], [ -71.472882829506887, 48.338221790523804 ], [ -71.47086615993652, 48.337400014486946 ], [ -71.465282312805812, 48.336385927764638 ], [ -71.46120186879962, 48.335013702495715 ], [ -71.456033498752035, 48.332834477476098 ], [ -71.455015221015714, 48.332293343901171 ], [ -71.454580314033947, 48.331946127138281 ], [ -71.454360325623441, 48.331645410916842 ], [ -71.454562389400891, 48.33146710895555 ], [ -71.455545512004662, 48.331222629784378 ], [ -71.456456962082086, 48.331224510858995 ], [ -71.457390621009466, 48.331379758190899 ], [ -71.459780979416578, 48.332666965322112 ], [ -71.460918450804783, 48.333173519021031 ], [ -71.46329885489223, 48.333842685424713 ], [ -71.463981802952389, 48.33386979065493 ], [ -71.464909013634141, 48.333774941275664 ], [ -71.46697263580856, 48.333217747514141 ], [ -71.468181185205196, 48.333137469796384 ], [ -71.472735154795984, 48.334256327257336 ], [ -71.47446574764129, 48.334518048267597 ], [ -71.477039887676185, 48.334671346329927 ], [ -71.479899390375124, 48.335006328890209 ], [ -71.48261872573849, 48.335805587765243 ], [ -71.485846824612636, 48.336554442883575 ], [ -71.486646017436399, 48.336907688836341 ], [ -71.488089836461768, 48.337957892957746 ], [ -71.488522722329463, 48.338103578163768 ], [ -71.489806050485655, 48.338166425910252 ], [ -71.492676904532786, 48.337682796226865 ], [ -71.494491392581153, 48.337745402633871 ], [ -71.501132334640616, 48.339185325538367 ], [ -71.50722360488318, 48.339841585617826 ], [ -71.508534886206519, 48.340145952093465 ], [ -71.510661174652455, 48.340935926983001 ], [ -71.511328511217215, 48.341109431754127 ], [ -71.512975729700273, 48.341220240558805 ], [ -71.515090050258934, 48.341567892801997 ], [ -71.517299935561965, 48.341556309141296 ], [ -71.51817760335102, 48.341670830249043 ], [ -71.520850218179575, 48.342401174649019 ], [ -71.522906132719342, 48.34275308842809 ], [ -71.524806123472402, 48.343376923327128 ], [ -71.527003065578754, 48.343943648855152 ], [ -71.528154753515608, 48.344362775517126 ], [ -71.528922388682659, 48.344737643525399 ], [ -71.530642429522786, 48.345924623885821 ], [ -71.532738923398512, 48.347757624609386 ], [ -71.533210879935979, 48.348433300697131 ], [ -71.533071665450151, 48.348552859296966 ], [ -71.532643413134537, 48.348538676566712 ], [ -71.530629308956762, 48.348101935286856 ], [ -71.529607436866939, 48.347602739445669 ], [ -71.528246572448495, 48.346585699358286 ], [ -71.527433734394734, 48.346292281297671 ], [ -71.526253104845082, 48.346130958649098 ], [ -71.523592331570811, 48.346247396194663 ], [ -71.521792527784342, 48.346149748548349 ], [ -71.520235239914896, 48.345975751387414 ], [ -71.517789768726942, 48.345513435928055 ], [ -71.514302645597084, 48.345129565063978 ] ] } },
{ "type": "Feature", "properties": { "PROFONDEUR_M": 6.1 }, "geometry": { "type": "LineString", "coordinates": [ [ -71.265816013420903, 48.351815199073556 ], [ -71.26552857288992, 48.352420379360041 ], [ -71.265127319848702, 48.352822180072167 ], [ -71.263982238494776, 48.353262470762573 ], [ -71.263579534205107, 48.353251545731119 ], [ -71.263125011836607, 48.353045395543504 ], [ -71.262998992410004, 48.35278465956133 ], [ -71.263082166586159, 48.352364955840379 ], [ -71.264085392022324, 48.351081335338947 ], [ -71.264220473663556, 48.35087176681742 ], [ -71.264227831154756, 48.350714251437488 ], [ -71.263974024559673, 48.350401218383112 ], [ -71.263203152616413, 48.350102782474465 ], [ -71.262529614679067, 48.349433213269229 ], [ -71.262434669994008, 48.349187388387044 ], [ -71.262439585048043, 48.348800218680779 ], [ -71.262662761283948, 48.348418716028199 ], [ -71.263194494806342, 48.348055804918282 ], [ -71.263897167909278, 48.347854215155323 ], [ -71.264708557723552, 48.34787199929071 ], [ -71.265172200384001, 48.348114467554709 ], [ -71.265370789709905, 48.348485896662289 ], [ -71.265345408097573, 48.349325633815475 ], [ -71.266020433363096, 48.35072266619779 ], [ -71.266022320136727, 48.351076913315552 ], [ -71.265816013420903, 48.351815199073556 ] ] } },
{ "type": "Feature", "properties": { "PROFONDEUR_M": 3.05 }, "geometry": { "type": "LineString", "coordinates": [ [ -71.268465421872378, 48.349779487340577 ], [ -71.269814525387886, 48.348507504715499 ], [ -71.270556317409174, 48.348352591987819 ], [ -71.270864440756625, 48.348444462343679 ], [ -71.27084525035923, 48.348775979900502 ], [ -71.270713720412331, 48.349068670952725 ], [ -71.270232298336069, 48.349794847074925 ], [ -71.26929016791091, 48.350381255180672 ], [ -71.268443367530722, 48.351283775112833 ], [ -71.268174083908718, 48.35141714627558 ], [ -71.267959802033346, 48.351428090150051 ], [ -71.267817860478431, 48.351192338185989 ], [ -71.267840471761545, 48.350889124351653 ], [ -71.268049762542347, 48.350398480300655 ], [ -71.268465421872378, 48.349779487340577 ] ] } },
{ "type": "Feature", "properties": { "PROFONDEUR_M": 6.1 }, "geometry": { "type": "LineString", "coordinates": [ [ -71.373482308031257, 48.324070331900408 ], [ -71.374214472588349, 48.323717145642277 ], [ -71.374707726117791, 48.323585164251327 ], [ -71.375278212456308, 48.323558379922858 ], [ -71.375894105275151, 48.323684345435801 ], [ -71.376355494149323, 48.323862279737888 ], [ -71.376672073947873, 48.324090343419094 ], [ -71.376934380178369, 48.324610759184587 ], [ -71.376872532185843, 48.325183769868502 ], [ -71.376625741789468, 48.325545613998969 ], [ -71.376207143280766, 48.325915728711486 ], [ -71.375042024352695, 48.326787814087126 ], [ -71.374438795192191, 48.326882040201788 ], [ -71.373425726737608, 48.326711853270226 ], [ -71.373053918760647, 48.326532720123275 ], [ -71.372715055857739, 48.326181330168552 ], [ -71.37251521563806, 48.325789450197384 ], [ -71.372467827177957, 48.32536989826734 ], [ -71.372694313459959, 48.324745085325155 ], [ -71.372915259819436, 48.324490042470579 ], [ -71.373482308031257, 48.324070331900408 ] ] } },
{ "type": "Feature", "properties": { "PROFONDEUR_M": 4.57 }, "geometry": { "type": "LineString", "coordinates": [ [ -71.515820431123458, 48.391501384384036 ], [ -71.51541368325789, 48.39203398373791 ], [ -71.51507803668818, 48.392273619398168 ], [ -71.514652908714268, 48.392436828642403 ], [ -71.513980768366395, 48.392449025871535 ], [ -71.513719754251042, 48.392351289041912 ], [ -71.513527330700285, 48.39207081017291 ], [ -71.513519237001162, 48.391629597468899 ], [ -71.513761128624253, 48.390938968411689 ], [ -71.514422780197421, 48.390198394546523 ], [ -71.514927044575472, 48.389901706469331 ], [ -71.515755439369812, 48.389844134259839 ], [ -71.516325918018467, 48.390119157333025 ], [ -71.516336248421396, 48.390613755453977 ], [ -71.515820431123458, 48.391501384384036 ] ] } },
{ "type": "Feature", "properties": { "PROFONDEUR_M": 18.29 }, "geometry": { "type": "LineString", "coordinates": [ [ -71.441226216478171, 48.324914343394823 ], [ -71.441185127276, 48.32512920001335 ], [ -71.440922082272365, 48.325565398691566 ], [ -71.4405016947116, 48.325756998952301 ], [ -71.440041719945796, 48.325713006667065 ], [ -71.439280395563415, 48.325413189171876 ], [ -71.439141517982705, 48.325279446039104 ], [ -71.439178519519018, 48.325076784656737 ], [ -71.439303875029125, 48.324924095358625 ], [ -71.440513423860409, 48.324132659290889 ], [ -71.440961027026162, 48.323584369312314 ], [ -71.441224718113176, 48.323480028142505 ], [ -71.441491577822902, 48.32353485853816 ], [ -71.441564327097993, 48.323658912023532 ], [ -71.44123112965751, 48.324656471495729 ], [ -71.441226216478171, 48.324914343394823 ] ] } },
{ "type": "Feature", "properties": { "PROFONDEUR_M": 54.86 }, "geometry": { "type": "LineString", "coordinates": [ [ -71.483126063685248, 48.341588115807042 ], [ -71.482210157786326, 48.34132952505631 ], [ -71.48212318973718, 48.341221896539523 ], [ -71.482155631386703, 48.34107397919572 ], [ -71.482446223530616, 48.340823365526703 ], [ -71.483018618125286, 48.340752712145871 ], [ -71.484323409905087, 48.340858519488116 ], [ -71.484523356825434, 48.340940101059779 ], [ -71.484650279720398, 48.341129064496599 ], [ -71.48457019285344, 48.341361519517442 ], [ -71.484148195553672, 48.341570530857481 ], [ -71.483646752711181, 48.341655084352354 ], [ -71.483126063685248, 48.341588115807042 ] ] } },
{ "type": "Feature", "properties": { "PROFONDEUR_M": 36.58 }, "geometry": { "type": "LineString", "coordinates": [ [ -71.509875926793043, 48.345487982543602 ], [ -71.507924330336181, 48.345207622882427 ], [ -71.504551310278643, 48.344399002016068 ], [ -71.502893919034662, 48.344157257101251 ], [ -71.500379366223413, 48.344076591936826 ], [ -71.497913278902658, 48.343453069813044 ], [ -71.493054116567791, 48.342807062191319 ], [ -71.491073801274752, 48.342868657675908 ], [ -71.489288481820878, 48.343051943024143 ], [ -71.487465574363824, 48.343374652525526 ], [ -71.486049628716685, 48.343485132951592 ], [ -71.484911945580194, 48.343478444210795 ], [ -71.483290956579438, 48.343159888844291 ], [ -71.481353638223297, 48.342615167619641 ], [ -71.480061135176868, 48.341954873918766 ], [ -71.478163642629141, 48.341175537869191 ], [ -71.474790506226924, 48.34003594507859 ], [ -71.471511667610955, 48.338235855083937 ], [ -71.470065641364684, 48.337605149197323 ], [ -71.466489949332271, 48.337107299575543 ], [ -71.46406588723768, 48.336584018416154 ], [ -71.460833541332946, 48.335673054398406 ], [ -71.458643060909395, 48.334878334429106 ], [ -71.456382347394438, 48.334176350024201 ], [ -71.454879549599937, 48.333868814301646 ], [ -71.453201642244565, 48.332987467645069 ], [ -71.452762103623854, 48.332649447653729 ], [ -71.452130474858834, 48.332081900730934 ], [ -71.45199257665648, 48.331819577794484 ], [ -71.451896418706212, 48.331345821814786 ], [ -71.451977455349521, 48.331073278547663 ], [ -71.452168744638357, 48.330884824008457 ], [ -71.453327706149224, 48.330541199520773 ], [ -71.453725558500722, 48.330510610091338 ], [ -71.456478815895039, 48.330711980856911 ], [ -71.4575105902139, 48.330841998476352 ], [ -71.458537968177438, 48.331201954130876 ], [ -71.459950076820917, 48.332027898355548 ], [ -71.461215969124751, 48.332659623609374 ], [ -71.46234874461878, 48.333075533447506 ], [ -71.462952611331602, 48.333192316329566 ], [ -71.463901910477901, 48.333145160917759 ], [ -71.466741622051515, 48.332431480900873 ], [ -71.467692161539389, 48.332409078301296 ], [ -71.468887235304905, 48.332528903491742 ], [ -71.46987777505241, 48.33274132089641 ], [ -71.473637754247562, 48.333822419967071 ], [ -71.474658029750088, 48.333880070710507 ], [ -71.476356641712201, 48.333741212767599 ], [ -71.47705862101617, 48.333763114198661 ], [ -71.478353443992376, 48.334041224141409 ], [ -71.483508384099807, 48.335688593182908 ], [ -71.487561101329106, 48.336606559399279 ], [ -71.489127061152317, 48.336757600044336 ], [ -71.489493336825163, 48.336885775751014 ], [ -71.490183766065556, 48.337312725608157 ], [ -71.490824895398958, 48.337472460102866 ], [ -71.491322305293295, 48.33752389871136 ], [ -71.493552614797011, 48.337439114590012 ], [ -71.494258313652992, 48.337497472838486 ], [ -71.500881013647643, 48.338858969174431 ], [ -71.505592038739451, 48.339372748336601 ], [ -71.508369851772187, 48.339772181792732 ], [ -71.511936585565806, 48.340930053324151 ], [ -71.513667345534444, 48.340991008927865 ], [ -71.515107600994952, 48.341218945007661 ], [ -71.517074673848285, 48.341147604081392 ], [ -71.518483453125484, 48.341371301723996 ], [ -71.520578363742246, 48.341922771497579 ], [ -71.522709280224831, 48.342219434436856 ], [ -71.524463969432645, 48.342935664182278 ], [ -71.525614726778599, 48.343280690105523 ], [ -71.527934220414821, 48.343621233259192 ], [ -71.52972706869302, 48.344019755729988 ], [ -71.533521902928271, 48.345560089295034 ], [ -71.536642884074155, 48.347239220476006 ], [ -71.538875934788152, 48.348010267045844 ], [ -71.542165305456109, 48.349405564032914 ], [ -71.544524366993485, 48.350309274901505 ], [ -71.544833834556769, 48.350578979138263 ], [ -71.545906944856767, 48.351904672191154 ], [ -71.546424202809632, 48.352383397173206 ], [ -71.546904581251056, 48.353114071707672 ], [ -71.547216660310028, 48.353418038164449 ], [ -71.549172250934902, 48.35421127410477 ], [ -71.55112517064714, 48.355159888090043 ], [ -71.551530916188611, 48.355589559790857 ], [ -71.551687864435735, 48.355860487194967 ], [ -71.55169717030283, 48.356056159021335 ], [ -71.551635250063782, 48.356216170897675 ], [ -71.551479740730926, 48.356291174443619 ], [ -71.550667779348728, 48.356448406659958 ], [ -71.548511266469461, 48.356198052675857 ], [ -71.547300465059209, 48.356323014764769 ], [ -71.545868104647823, 48.355996976292886 ], [ -71.544014478155049, 48.354709116947141 ], [ -71.543010990932757, 48.354243200351689 ], [ -71.541844695697577, 48.353841942397686 ], [ -71.539674443444568, 48.352738152996032 ], [ -71.538534491752742, 48.351666007686866 ], [ -71.536853795751057, 48.350699119986068 ], [ -71.534648634847656, 48.349748322100396 ], [ -71.529010303890132, 48.348314200922367 ], [ -71.527258597165968, 48.347307844761957 ], [ -71.52644198125418, 48.347171454489008 ], [ -71.525818733449739, 48.34716628985425 ], [ -71.5236497690953, 48.347391872449023 ], [ -71.522905865199149, 48.347371423297098 ], [ -71.520392367601389, 48.346913449891353 ], [ -71.516956923114336, 48.345880662105905 ], [ -71.515459910159393, 48.345585836869503 ] ] } },
{ "type": "Feature", "properties": { "PROFONDEUR_M": 3.05 }, "geometry": { "type": "LineString", "coordinates": [ [ -71.386030400603047, 48.337582524111248 ], [ -71.38519037274817, 48.337629196025524 ], [ -71.384720330722274, 48.337539263710156 ], [ -71.38445019787379, 48.337308256126235 ], [ -71.38447557849338, 48.336929176231067 ], [ -71.384636157696491, 48.336726252410806 ], [ -71.385078358108743, 48.336611998468129 ], [ -71.385648098789417, 48.336611839000874 ], [ -71.386640265708067, 48.336787408686682 ], [ -71.386757584841206, 48.337048368112576 ], [ -71.386693173816766, 48.337290608807272 ], [ -71.386455732294081, 48.337482817342362 ], [ -71.386030400603047, 48.337582524111248 ] ] } },
{ "type": "Feature", "properties": { "PROFONDEUR_M": 6.4 }, "geometry": { "type": "LineString", "coordinates": [ [ -71.469430078584963, 48.366920244062641 ], [ -71.46947728770607, 48.366802107536707 ], [ -71.469272786051803, 48.366782832705866 ], [ -71.469242952277327, 48.366888654847642 ], [ -71.469430078584963, 48.366920244062641 ] ] } },
{ "type": "Feature", "properties": { "PROFONDEUR_M": 6.1 }, "geometry": { "type": "LineString", "coordinates": [ [ -71.396473033367258, 48.338935605737539 ], [ -71.396532201875218, 48.339402953669641 ], [ -71.396873061656976, 48.340206370585818 ], [ -71.396869617303011, 48.340566511540274 ], [ -71.396762123959959, 48.340756708236881 ], [ -71.396198670334911, 48.341128036385577 ], [ -71.395833788076771, 48.341236788258769 ], [ -71.395238413408109, 48.341255924673447 ], [ -71.3948008501538, 48.341115087244084 ], [ -71.39424898766778, 48.340202869918102 ], [ -71.394306955466092, 48.339860423852947 ], [ -71.3947083608508, 48.339299955443622 ], [ -71.394421828194339, 48.338491722504401 ], [ -71.394457177569592, 48.338252528158066 ], [ -71.394702124784672, 48.338066118703807 ], [ -71.395043494877683, 48.3379849218326 ], [ -71.39599311495293, 48.338149138810451 ], [ -71.396354466808987, 48.338420051322736 ], [ -71.396473033367258, 48.338935605737539 ] ] } },
{ "type": "Feature", "properties": { "PROFONDEUR_M": 6.1 }, "geometry": { "type": "LineString", "coordinates": [ [ -71.446404088577935, 48.35139836242513 ], [ -71.446446044617005, 48.351242263221124 ], [ -71.446174449003934, 48.351214065776979 ], [ -71.446138804393016, 48.351349974301058 ], [ -71.446404088577935, 48.35139836242513 ] ] } },
{ "type": "Feature", "properties": { "PROFONDEUR_M": 6.1 }, "geometry": { "type": "LineString", "coordinates": [ [ -71.266883790894312, 48.353077386173872 ], [ -71.267437072591761, 48.35274295565587 ], [ -71.268145976643936, 48.352713863906672 ], [ -71.268368867110951, 48.352783850484592 ], [ -71.268596083850269, 48.352986586878053 ], [ -71.268697578933157, 48.353224390568791 ], [ -71.268685504759731, 48.353442259099417 ], [ -71.268454610122802, 48.353836168103484 ], [ -71.267978704571874, 48.354148529812726 ], [ -71.267482158543416, 48.35423100772789 ], [ -71.266974167373746, 48.354206982441895 ], [ -71.266651991070589, 48.354064632850942 ], [ -71.266558911127447, 48.353909707664322 ], [ -71.266632954966468, 48.35346218129493 ], [ -71.266883790894312, 48.353077386173872 ] ] } },
{ "type": "Feature", "properties": { "PROFONDEUR_M": 45.72 }, "geometry": { "type": "LineString", "coordinates": [ [ -71.510680181531242, 48.345135635787969 ], [ -71.509159571680556, 48.345196744506787 ], [ -71.508622534699398, 48.345146876156463 ], [ -71.507009630458086, 48.344868251630039 ], [ -71.50594167229282, 48.344496956367877 ], [ -71.504646571077274, 48.344233258502321 ], [ -71.502974350252842, 48.34402397499651 ], [ -71.500521220131944, 48.343918069848073 ], [ -71.499208301295837, 48.343644223460181 ], [ -71.497436465973323, 48.343083465788091 ], [ -71.49468220665527, 48.342620046904351 ], [ -71.492446192903984, 48.342443560759975 ], [ -71.491518547074065, 48.342444878224306 ], [ -71.488776008569374, 48.342773670761339 ], [ -71.486458658671893, 48.343193162217922 ], [ -71.485665380305008, 48.343185553158918 ], [ -71.483414182288371, 48.342915722750945 ], [ -71.482894473044837, 48.342778130118276 ], [ -71.476027402432265, 48.340195978738585 ], [ -71.472891601611366, 48.338746057084279 ], [ -71.471111685384855, 48.33780137002568 ], [ -71.469539867975385, 48.33732014354073 ], [ -71.465807068821476, 48.336778189712625 ], [ -71.463856628808273, 48.336277830322622 ], [ -71.46132380513906, 48.335530328986543 ], [ -71.45817350989438, 48.334265826126902 ], [ -71.456126904986633, 48.333783573739701 ], [ -71.454988195284969, 48.333425295420476 ], [ -71.453938638026187, 48.332885712412846 ], [ -71.452963939948432, 48.33221972333763 ], [ -71.452776916518573, 48.331914488890739 ], [ -71.452685477117456, 48.33136174704493 ], [ -71.452749375422954, 48.331217372314029 ], [ -71.452922927311946, 48.331141876637609 ], [ -71.453737842468385, 48.33101836681341 ], [ -71.455540039122056, 48.330951111557383 ], [ -71.457233888299442, 48.331022797922259 ], [ -71.458048895812979, 48.331360626025251 ], [ -71.459977601215982, 48.332518991663228 ], [ -71.461990753933335, 48.33328001758143 ], [ -71.462974792030295, 48.333437422041087 ], [ -71.463651799002193, 48.333457440190315 ], [ -71.464841036670009, 48.333341224361185 ], [ -71.467272239640124, 48.332790453648258 ], [ -71.467965138700109, 48.332762735570846 ], [ -71.468967501363153, 48.332896721673272 ], [ -71.471195909651954, 48.333559887775415 ], [ -71.473295868798672, 48.334000880177086 ], [ -71.474567044947946, 48.334186204018351 ], [ -71.47652661033176, 48.334222186152211 ], [ -71.478233412596012, 48.334449249723882 ], [ -71.479872898228109, 48.334794101327816 ], [ -71.481897433351477, 48.335335034754038 ], [ -71.483148255852413, 48.335755451186778 ], [ -71.48732751782228, 48.33672029827693 ], [ -71.488262673491306, 48.337088124146213 ], [ -71.489549437086453, 48.337738246273261 ], [ -71.490499823488122, 48.337781473704815 ], [ -71.493336719473817, 48.337555196550603 ], [ -71.494438676385272, 48.337629319673162 ], [ -71.500542772168913, 48.338947514288442 ], [ -71.502362490846892, 48.339218064105573 ], [ -71.506524957305061, 48.339605571599634 ], [ -71.507987514059181, 48.339874167817491 ], [ -71.50974217003548, 48.340365757545499 ], [ -71.511675459219077, 48.341019353470365 ], [ -71.514236116795601, 48.341312670915627 ], [ -71.515833942007646, 48.341404992461037 ], [ -71.51695674272311, 48.341364412966826 ], [ -71.518135817845902, 48.341517625291566 ], [ -71.520755739409196, 48.342150100258898 ], [ -71.52245818036991, 48.342419115110495 ], [ -71.525523880255633, 48.343408319873348 ], [ -71.528673629187267, 48.343970308891187 ], [ -71.529594362143456, 48.344251065720393 ], [ -71.533442764185892, 48.345753870218253 ], [ -71.534321293981463, 48.346177449231305 ], [ -71.535032079459199, 48.346668632391989 ], [ -71.537042080177585, 48.34757577524357 ], [ -71.538803665932264, 48.348225682389625 ], [ -71.541043632044165, 48.349220587830466 ], [ -71.544000670509405, 48.350273208542447 ], [ -71.544488220215015, 48.350628588341785 ], [ -71.544726902431847, 48.351193833646349 ], [ -71.544777080955868, 48.351672894921506 ], [ -71.544686271637573, 48.352679968422947 ], [ -71.544789082212006, 48.353166853157198 ], [ -71.545047950129103, 48.353561154202815 ], [ -71.546848720915676, 48.354753414850194 ], [ -71.549760367233461, 48.355333321887166 ], [ -71.550465713426334, 48.355649517650299 ], [ -71.550580948508951, 48.355812248607194 ], [ -71.550485222854618, 48.355949950356482 ], [ -71.550286435524626, 48.356026898211589 ], [ -71.549144655909032, 48.356102586874208 ], [ -71.547810068481368, 48.355857105614646 ], [ -71.54664134351323, 48.35553656041597 ], [ -71.544666099637794, 48.354542866865337 ], [ -71.541763913396863, 48.353299857779874 ], [ -71.541133965581494, 48.352955367072248 ], [ -71.540797337931338, 48.352678180720829 ], [ -71.539781498378957, 48.351379357196627 ], [ -71.539147125055678, 48.350954887127784 ], [ -71.538581347063626, 48.350692791343683 ], [ -71.534688013525084, 48.349445190396992 ], [ -71.529425113829191, 48.348213221827656 ], [ -71.527825029791046, 48.347186172329799 ], [ -71.526854074210434, 48.346732658512366 ], [ -71.526341753544145, 48.346661542341614 ], [ -71.524738524621753, 48.346852467573804 ], [ -71.52158370851059, 48.346731022579881 ], [ -71.516386434624636, 48.345556806837074 ], [ -71.514728136140917, 48.345330223935456 ] ] } },
{ "type": "Feature", "properties": { "PROFONDEUR_M": 3.05 }, "geometry": { "type": "LineString", "coordinates": [ [ -71.246552887350404, 48.318684740733723 ], [ -71.247087996906004, 48.319224668905093 ], [ -71.24788085556051, 48.319816884426466 ], [ -71.248618117103405, 48.320316744685258 ], [ -71.249539578284285, 48.320770246589397 ], [ -71.250522469159193, 48.321507310884755 ], [ -71.252521745417411, 48.323351906994652 ], [ -71.253069885362279, 48.324431566754853 ], [ -71.253885629399988, 48.324944929394071 ], [ -71.256148095417757, 48.3268951883474 ], [ -71.256438332859432, 48.327182331091663 ], [ -71.25727480891409, 48.328343602141345 ], [ -71.257675523513626, 48.328569080288489 ], [ -71.259538656892857, 48.330265686181477 ], [ -71.260601477744544, 48.330859594987487 ], [ -71.260868336364851, 48.331417925154007 ], [ -71.262234861088515, 48.333627146621261 ], [ -71.263381945010053, 48.334898025541428 ], [ -71.26396663778165, 48.336471633718816 ], [ -71.264287742013593, 48.336852152466768 ], [ -71.264807304743911, 48.337742933419101 ], [ -71.266143556199452, 48.33905437880923 ], [ -71.26711226962999, 48.339779105888198 ], [ -71.26895551315549, 48.340261512201664 ], [ -71.269757718257978, 48.340209241361123 ], [ -71.270339787798392, 48.33992889738213 ], [ -71.270815861097432, 48.339303057539901 ], [ -71.271022496395574, 48.338701459878529 ], [ -71.270975929991721, 48.338031531197863 ], [ -71.27130963933817, 48.337532599578417 ], [ -71.2713488868404, 48.337113418650205 ], [ -71.271275624302277, 48.336892201106892 ], [ -71.270806554694886, 48.336310498563051 ], [ -71.269677161510913, 48.335241090686225 ], [ -71.269305935686546, 48.334660625422401 ], [ -71.268190766430308, 48.333919775937382 ], [ -71.268059831206614, 48.332812295174264 ], [ -71.268168708201244, 48.332332296516022 ], [ -71.267928318498491, 48.331522675577055 ], [ -71.268056513391357, 48.331426003765365 ], [ -71.268875915949991, 48.331291917718062 ], [ -71.2693361983806, 48.33085868575224 ], [ -71.269565719476873, 48.330784362509561 ], [ -71.269793206127119, 48.330858119312232 ], [ -71.270194560307445, 48.331485876752929 ], [ -71.270522825322303, 48.331527944299289 ], [ -71.270827892902062, 48.331336513698105 ], [ -71.270929626319926, 48.330970485666519 ], [ -71.270871144674715, 48.330809263055421 ], [ -71.270379233372452, 48.33026997700749 ], [ -71.269757539717631, 48.330138712861753 ], [ -71.269620311979494, 48.330008640874432 ], [ -71.269527208588045, 48.329467191336995 ], [ -71.269260087360493, 48.328993109367936 ], [ -71.269065224410369, 48.327987309656855 ], [ -71.268624381559036, 48.327368343916625 ], [ -71.267924844836898, 48.326823394957806 ], [ -71.267816909074739, 48.326570173548703 ], [ -71.267819050556682, 48.326328789530443 ], [ -71.267912615442384, 48.326181230369755 ], [ -71.268715830577335, 48.325816976881285 ], [ -71.269155904272438, 48.32530958320875 ], [ -71.270273527957158, 48.324681483904087 ], [ -71.270503210910917, 48.324164040368174 ], [ -71.270574645245304, 48.321870284742822 ], [ -71.270719359149837, 48.321765202809232 ], [ -71.271643710903192, 48.321520958600928 ], [ -71.272122661129742, 48.321533240228462 ], [ -71.272450122771488, 48.32171265746333 ], [ -71.272627924050752, 48.323858296693381 ], [ -71.272732994488308, 48.324187660714443 ], [ -71.272931344434085, 48.324472091692847 ], [ -71.273769275994567, 48.324984487483803 ], [ -71.274510619512995, 48.325204846673827 ], [ -71.275803068979229, 48.325050157610718 ], [ -71.275957288074721, 48.324931786838341 ], [ -71.276112875653538, 48.324554783349072 ], [ -71.276790732231163, 48.324216096537334 ], [ -71.276844800616018, 48.323892000263591 ], [ -71.276692707748978, 48.323065156690205 ], [ -71.27686994263405, 48.322232261232564 ], [ -71.276752013337841, 48.321590133297263 ], [ -71.276824450365993, 48.321250810324493 ], [ -71.277017212540557, 48.321084108121013 ], [ -71.278141277393019, 48.320611134758792 ], [ -71.278894299745247, 48.32002068500276 ], [ -71.279127697805947, 48.319781814907095 ], [ -71.279362687387462, 48.319335560850149 ], [ -71.27942236072505, 48.318741645629508 ], [ -71.279128699099061, 48.317913370313704 ], [ -71.277982034304046, 48.316286449390823 ], [ -71.277601834789735, 48.315465056139402 ], [ -71.277719025054168, 48.314952479914474 ], [ -71.278213918773872, 48.314267830550804 ], [ -71.27824363589211, 48.314062683621486 ], [ -71.278167824130094, 48.313853425369189 ], [ -71.277630454885198, 48.313446859264815 ], [ -71.276872265060646, 48.313539501288091 ], [ -71.276446161603189, 48.313492295618751 ], [ -71.275730027270868, 48.312693854637295 ], [ -71.275887116218854, 48.312565892092024 ], [ -71.277368623616539, 48.31215372745735 ], [ -71.277627945687598, 48.311377544805289 ], [ -71.279086556653212, 48.310729690563441 ], [ -71.279369002906918, 48.310415888221861 ], [ -71.279323716580947, 48.31007185894066 ], [ -71.279051436416452, 48.309319771646514 ], [ -71.279061403652889, 48.308875957557333 ], [ -71.27826642815657, 48.307714355156044 ], [ -71.278303159888679, 48.307410024559317 ], [ -71.278571320821598, 48.306943847124359 ], [ -71.278556728399437, 48.306631129711448 ], [ -71.278270947481019, 48.306407147322467 ], [ -71.277476812260517, 48.306305416986575 ], [ -71.276628976055221, 48.306463570790619 ], [ -71.276008638330509, 48.306693708649988 ], [ -71.275816607908126, 48.307066594082336 ], [ -71.275482023057833, 48.308868576693243 ], [ -71.274327039208046, 48.309931356798856 ], [ -71.273980206903886, 48.310567997584052 ], [ -71.273965978642451, 48.31115496534602 ], [ -71.274287331727109, 48.311724358160269 ], [ -71.274286008108845, 48.312060273995804 ], [ -71.273885331523189, 48.312270261610806 ], [ -71.273042826386217, 48.312505519865525 ], [ -71.272454489802797, 48.31285367873749 ], [ -71.272387081063812, 48.313258488402909 ], [ -71.272544269375445, 48.313732054831718 ], [ -71.272496955252407, 48.314122068781579 ], [ -71.27189468979013, 48.314728267252889 ], [ -71.271193850816516, 48.315643234951963 ], [ -71.270616298887958, 48.315847915656853 ], [ -71.269882186567713, 48.315837953485847 ], [ -71.26935831329169, 48.315612110232124 ], [ -71.269238861187858, 48.315433684921373 ], [ -71.269289552021149, 48.315261551426545 ], [ -71.269987611379278, 48.314883952712627 ], [ -71.270513372307875, 48.314806099697904 ], [ -71.271445314314349, 48.314430963492221 ], [ -71.271714474548446, 48.31420580709586 ], [ -71.271973403337839, 48.313680167497672 ], [ -71.27193005046739, 48.31281812237907 ], [ -71.271848011741923, 48.312632646790924 ], [ -71.271596296307095, 48.312431273612866 ], [ -71.270909667476971, 48.312260666348813 ], [ -71.270535138269608, 48.311619885318038 ], [ -71.270637402817144, 48.311454014637832 ], [ -71.271557296119525, 48.311251599045164 ], [ -71.272061709672656, 48.310685047590084 ], [ -71.272486090361895, 48.309890387267529 ], [ -71.272570386798066, 48.309541706441699 ], [ -71.272531938266894, 48.309208616769126 ], [ -71.271717549250425, 48.308433485042151 ], [ -71.271699331340614, 48.308247902163906 ], [ -71.272604533945284, 48.307672874153901 ], [ -71.273235801125452, 48.307460601318866 ], [ -71.274220599577362, 48.307391182655095 ], [ -71.274590762990982, 48.307230509350632 ], [ -71.274677463688249, 48.306930319909625 ], [ -71.274658491203496, 48.306668851223002 ], [ -71.274388562583042, 48.306294487494107 ], [ -71.273941098272218, 48.305884292846891 ], [ -71.273305085361656, 48.305753691885144 ], [ -71.27188272069985, 48.305690836983096 ], [ -71.271094706076411, 48.305460793169054 ], [ -71.269682691805883, 48.305291938280426 ], [ -71.268884832258024, 48.305367041910337 ], [ -71.268454690815531, 48.305527776440123 ], [ -71.267927605721866, 48.305893025692249 ], [ -71.267696888263728, 48.306195460578763 ], [ -71.267497008768473, 48.306261768744562 ], [ -71.267027509363132, 48.30612375845454 ], [ -71.266383025385906, 48.305630681364846 ], [ -71.265963156455896, 48.305522927997878 ], [ -71.264317517441313, 48.305975658210862 ], [ -71.263759126325169, 48.306046225620179 ], [ -71.263590478212691, 48.305966360185685 ], [ -71.263467082157476, 48.305783985420803 ], [ -71.263038735004031, 48.304863988995741 ], [ -71.262254236309417, 48.304067927952325 ], [ -71.261788271821828, 48.303863459609161 ], [ -71.261505516899661, 48.303826047499157 ], [ -71.259829159923441, 48.303906870345706 ], [ -71.259137016385196, 48.303809656525658 ], [ -71.25888834642771, 48.303601222468579 ], [ -71.258589471755926, 48.302923099993883 ], [ -71.258056346097845, 48.302451568508033 ], [ -71.257171500132884, 48.30201421134597 ], [ -71.256638866380669, 48.301869142030867 ], [ -71.25538105816841, 48.301824545296583 ], [ -71.253949901992911, 48.301969873927369 ], [ -71.252738985739924, 48.302630718833029 ], [ -71.251459587844849, 48.302835299135268 ], [ -71.248606024129899, 48.302842873298026 ], [ -71.248041949265769, 48.302739618205727 ], [ -71.247154521557732, 48.302294082090818 ], [ -71.246772618262781, 48.302231969892119 ], [ -71.245413485002146, 48.302703582959481 ], [ -71.24403479488987, 48.302847016939879 ], [ -71.243617553298222, 48.30305410403605 ], [ -71.243212211244142, 48.303536005783791 ], [ -71.242806871685175, 48.30384620459342 ], [ -71.2406670068859, 48.304723814318592 ], [ -71.240487272230155, 48.304864882300159 ], [ -71.239990749665424, 48.305497902315103 ], [ -71.239769798932656, 48.305984325476523 ], [ -71.239398185955139, 48.306353242737124 ], [ -71.238896161016299, 48.307056823955904 ], [ -71.238788955626021, 48.307472355902021 ], [ -71.238775759709384, 48.307989043664207 ], [ -71.239276034719694, 48.309388657399374 ], [ -71.23968853100385, 48.30993717077412 ], [ -71.240067780482434, 48.310204060515844 ], [ -71.240248280227178, 48.310444474433098 ], [ -71.240381144392146, 48.311801723542096 ], [ -71.240948685882941, 48.312739900167166 ], [ -71.241154755059583, 48.312990188431073 ], [ -71.242464629899928, 48.314076878198641 ], [ -71.243324447794336, 48.315149292717685 ], [ -71.243753645057126, 48.315565804052561 ], [ -71.244594977949632, 48.31607591401869 ], [ -71.244855094439757, 48.316326452818643 ], [ -71.245088675428576, 48.316598512252355 ], [ -71.245864437997213, 48.318012819321318 ], [ -71.246552887350404, 48.318684740733723 ] ] } },
{ "type": "Feature", "properties": { "PROFONDEUR_M": 1.52 }, "geometry": { "type": "LineString", "coordinates": [ [ -71.527918081605222, 48.398358960036781 ], [ -71.528210759523503, 48.398924528842251 ], [ -71.529307490348188, 48.400019173985832 ], [ -71.529333606748423, 48.400259384314076 ], [ -71.529090880876112, 48.40044651537599 ], [ -71.528904361532, 48.40085597100552 ], [ -71.529398801379614, 48.401227933661204 ], [ -71.529500965625857, 48.401429718461202 ], [ -71.529526771016791, 48.401818163279927 ], [ -71.529314658971785, 48.402206820538034 ], [ -71.528404499310042, 48.403095001908248 ], [ -71.528228834762857, 48.40346868007569 ], [ -71.528070922408162, 48.404431587611981 ], [ -71.527715883833949, 48.404834466564473 ], [ -71.526649970985346, 48.405343039700071 ], [ -71.526141438872202, 48.405425454192581 ], [ -71.525060874168418, 48.405440214345383 ], [ -71.523312520861211, 48.405314777527771 ], [ -71.521746243002198, 48.405374741253176 ], [ -71.517579600487238, 48.404913840804412 ], [ -71.517039334631122, 48.405018238078014 ], [ -71.516952418460178, 48.405210211944016 ], [ -71.51709808565252, 48.405509910842056 ], [ -71.51684145706588, 48.405624300037303 ], [ -71.516033320345471, 48.405449713001488 ], [ -71.515394588757971, 48.405209355541466 ], [ -71.51488818228367, 48.40493650857632 ], [ -71.514061744465479, 48.404010941315754 ], [ -71.512301240179127, 48.403517624672624 ], [ -71.5115712007714, 48.403213935938012 ], [ -71.510872468091009, 48.402190665682376 ], [ -71.510089987975519, 48.401577118077462 ], [ -71.509696303550228, 48.401100323681781 ], [ -71.509599673259231, 48.400767936273361 ], [ -71.509699202396419, 48.40043181820014 ], [ -71.509902849992656, 48.400341694400545 ], [ -71.510169872165932, 48.400368323876805 ], [ -71.510484518175318, 48.400537381856573 ], [ -71.510995820119874, 48.401277029335255 ], [ -71.511763536483926, 48.402097653468999 ], [ -71.512178509628811, 48.402401006512342 ], [ -71.513268606774147, 48.402838132152183 ], [ -71.513785677171811, 48.402911281074829 ], [ -71.514149547029845, 48.402868940109265 ], [ -71.514415598847734, 48.402611930953213 ], [ -71.514443148208372, 48.402397064283932 ], [ -71.514246229349894, 48.402036063479322 ], [ -71.51394456057875, 48.401701708866817 ], [ -71.512776696990159, 48.400885027937015 ], [ -71.512483895591004, 48.400507996955007 ], [ -71.51221103669485, 48.399949976606663 ], [ -71.511400201836665, 48.399362696075166 ], [ -71.510359624613514, 48.398856708411898 ], [ -71.51013214703336, 48.39861384364383 ], [ -71.509830240370917, 48.398088722216173 ], [ -71.509873688516464, 48.397399085250846 ], [ -71.509800836243627, 48.397195006952138 ], [ -71.50914919991267, 48.396399966270536 ], [ -71.50861665528781, 48.396295123061833 ], [ -71.508256736009386, 48.396402282315918 ], [ -71.507821154108328, 48.396779688551121 ], [ -71.507159230582559, 48.397620318067816 ], [ -71.506883433458881, 48.397792135319932 ], [ -71.506434662405255, 48.397815210271659 ], [ -71.506026847051388, 48.397643854808805 ], [ -71.505627886390499, 48.397240929119782 ], [ -71.505526451892308, 48.396658389035402 ], [ -71.505649416150959, 48.396039953679256 ], [ -71.506292375856773, 48.395706473102535 ], [ -71.506557284843922, 48.395077709698228 ], [ -71.506529964069799, 48.394826742886004 ], [ -71.506241982047072, 48.394421431914822 ], [ -71.505492757496825, 48.394006601910363 ], [ -71.503298214695832, 48.39332985520948 ], [ -71.502575489611843, 48.392949677740098 ], [ -71.50158594697136, 48.392159031947081 ], [ -71.499084138906085, 48.391206744059204 ], [ -71.498806142004909, 48.391032400660329 ], [ -71.49658364370508, 48.389012254135217 ], [ -71.495859576036722, 48.388632591238682 ], [ -71.494725464536927, 48.388390170615764 ], [ -71.494559652135351, 48.388255795503134 ], [ -71.494498470430656, 48.388031121303328 ], [ -71.494601798753109, 48.387851617688575 ], [ -71.495049075852606, 48.38748853597054 ], [ -71.495203286495652, 48.3871567971483 ], [ -71.495194174494046, 48.38690203577876 ], [ -71.495023368754474, 48.386560526778432 ], [ -71.494768796027529, 48.386279197699871 ], [ -71.493803862766853, 48.385778091583461 ], [ -71.4934776274755, 48.38545253365119 ], [ -71.492247612909537, 48.385191156545716 ], [ -71.490399032572697, 48.384369585673262 ], [ -71.489869462271429, 48.384278415323479 ], [ -71.488983627481232, 48.384276100042243 ], [ -71.488251324619654, 48.383804411027306 ], [ -71.486429249124413, 48.383206477446976 ], [ -71.486461782204373, 48.382646016393011 ], [ -71.486369653129586, 48.382483057365555 ], [ -71.485921703653474, 48.382134359588278 ], [ -71.485446751036008, 48.381441072612382 ], [ -71.484854749906418, 48.381105436254607 ], [ -71.484781393325406, 48.380986969282375 ], [ -71.485517958203417, 48.38067027077043 ], [ -71.485770229834159, 48.380308461879025 ], [ -71.486143811352648, 48.378814623738116 ], [ -71.486092606655149, 48.378536938416111 ], [ -71.485812078145003, 48.378242558383192 ], [ -71.485432077770753, 48.378008387281348 ], [ -71.485063502709579, 48.377317036247319 ], [ -71.484672650814218, 48.376979168885441 ], [ -71.484647995198912, 48.37673918262896 ], [ -71.484987422779369, 48.376408183212504 ], [ -71.485508216362803, 48.376264661816073 ], [ -71.486427348912471, 48.376291622817014 ], [ -71.486902266822867, 48.376431762110926 ], [ -71.487485648631448, 48.376861250175658 ], [ -71.487924334430147, 48.377481478796689 ], [ -71.488542222839143, 48.37797287138617 ], [ -71.488665006478513, 48.378203631468985 ], [ -71.488714049883967, 48.378876782624296 ], [ -71.489109405663172, 48.379400044359173 ], [ -71.490612991767421, 48.380573201625012 ], [ -71.492060171426346, 48.381044389616036 ], [ -71.493188825217658, 48.381248507776732 ], [ -71.495822143677515, 48.380866452152915 ], [ -71.498382536894241, 48.381103216453695 ], [ -71.498773609322484, 48.381369734373038 ], [ -71.499903599526547, 48.383335915381799 ], [ -71.500536398349496, 48.383895755333604 ], [ -71.501015794862226, 48.38415374327338 ], [ -71.50304692317286, 48.384796511933892 ], [ -71.50338515802126, 48.385152986441085 ], [ -71.50365278314986, 48.38608623696171 ], [ -71.503507258283378, 48.38717824857995 ], [ -71.502330935684, 48.389914008390413 ], [ -71.502172557139389, 48.389980627818822 ], [ -71.50107367380906, 48.389862596814361 ], [ -71.500827717196856, 48.390009380083747 ], [ -71.500718713866505, 48.390286750222216 ], [ -71.50134408062172, 48.391171053810424 ], [ -71.50171811274673, 48.391453751130356 ], [ -71.502317351085807, 48.391769856277001 ], [ -71.503975463972466, 48.392381198554709 ], [ -71.506019266573546, 48.392534211037052 ], [ -71.508079425685196, 48.393011056113252 ], [ -71.509184593821175, 48.392789844264691 ], [ -71.509599927147676, 48.392794549031436 ], [ -71.511990505252669, 48.393588101776558 ], [ -71.512451321714337, 48.393647231726597 ], [ -71.513041076389428, 48.393520690639711 ], [ -71.513089536956343, 48.393356374887034 ], [ -71.51291180262389, 48.393136231856211 ], [ -71.511954584340756, 48.392746232739675 ], [ -71.511927810758195, 48.392490400340186 ], [ -71.512075751909848, 48.391843089958321 ], [ -71.51196487841456, 48.391571837407405 ], [ -71.509898264843187, 48.390252768506791 ], [ -71.509769210220696, 48.389803585550126 ], [ -71.510495495905872, 48.389290575574201 ], [ -71.513214668050082, 48.387834147699479 ], [ -71.514775751311589, 48.387286198064011 ], [ -71.51548545026867, 48.387115856881067 ], [ -71.516248621332394, 48.387191273006806 ], [ -71.520742065443571, 48.388795554744277 ], [ -71.522316041227384, 48.389147460198956 ], [ -71.522629978204705, 48.389338213992367 ], [ -71.523167763525663, 48.389997870127807 ], [ -71.523479248914526, 48.390114154781905 ], [ -71.524005159251686, 48.390107750694746 ], [ -71.524341055208282, 48.389962128188451 ], [ -71.524926881265131, 48.388781809317948 ], [ -71.525234516146398, 48.388353321871328 ], [ -71.525493091504075, 48.38750736469423 ], [ -71.525667790428329, 48.387232478430931 ], [ -71.525882979598933, 48.387083103233458 ], [ -71.529685697186622, 48.38699563840337 ], [ -71.530192257717729, 48.387064988345792 ], [ -71.531301396527056, 48.387556376438255 ], [ -71.531834855608963, 48.388129284725757 ], [ -71.532245060721237, 48.388373097004838 ], [ -71.534547279417808, 48.389002164708174 ], [ -71.53512972611648, 48.389342556233814 ], [ -71.535445178481467, 48.389768041039645 ], [ -71.535618736209642, 48.390322525583898 ], [ -71.535468767505606, 48.391160806267649 ], [ -71.535334614095873, 48.391414773364836 ], [ -71.534955913923838, 48.391802873663181 ], [ -71.534104396605613, 48.392333049407192 ], [ -71.532368409783416, 48.392833700281663 ], [ -71.53215162484581, 48.39303280751556 ], [ -71.531386830918294, 48.394512076530411 ], [ -71.53093690378563, 48.394893116963303 ], [ -71.530431239049022, 48.395015206254122 ], [ -71.529349365534415, 48.394843388253953 ], [ -71.529038665851772, 48.39491126304921 ], [ -71.52851631012436, 48.39515544805549 ], [ -71.5276015030026, 48.395930811750304 ], [ -71.527518180595223, 48.396180040672512 ], [ -71.527637254003722, 48.396450312801264 ], [ -71.52875563164153, 48.396920173182593 ], [ -71.528940065785122, 48.397125719510676 ], [ -71.528839991273543, 48.397338420545751 ], [ -71.527926649473173, 48.397507177870935 ], [ -71.527742825768925, 48.397631008729469 ], [ -71.527671060078447, 48.397884415176705 ], [ -71.527918081605222, 48.398358960036781 ] ] } },
{ "type": "Feature", "properties": { "PROFONDEUR_M": 3.05 }, "geometry": { "type": "LineString", "coordinates": [ [ -71.481508084376472, 48.373161271996473 ], [ -71.481548774552593, 48.373035362042422 ], [ -71.481325724184771, 48.373022139055259 ], [ -71.481303723141721, 48.373126848303009 ], [ -71.481508084376472, 48.373161271996473 ] ] } },
{ "type": "Feature", "properties": { "PROFONDEUR_M": 9.14 }, "geometry": { "type": "LineString", "coordinates": [ [ -71.288837566210162, 48.326655265221056 ], [ -71.288094197074273, 48.32788375132516 ], [ -71.287910221191837, 48.328517612519917 ], [ -71.2880372045624, 48.329292680145642 ], [ -71.288691770870869, 48.329961181750285 ], [ -71.288778116608071, 48.330144193137251 ], [ -71.288772282629779, 48.330463678919266 ], [ -71.288432747406048, 48.332000160373227 ], [ -71.288180891716607, 48.332354015990774 ], [ -71.287736151852116, 48.332771526723839 ], [ -71.286524627559047, 48.334438986296114 ], [ -71.286215662909214, 48.334736668746316 ], [ -71.286076154190212, 48.335035231850412 ], [ -71.286178428850505, 48.335599857572483 ], [ -71.286927045104775, 48.337164468598282 ], [ -71.286893675012635, 48.337873623413543 ], [ -71.286695032656766, 48.338204364392574 ], [ -71.285748926101832, 48.33868525816245 ], [ -71.283332638474818, 48.33876738477511 ], [ -71.282327562368366, 48.338258372709433 ], [ -71.281020313221404, 48.337259541892308 ], [ -71.280449572343201, 48.337148281993116 ], [ -71.278070285451292, 48.337004951270131 ], [ -71.277383724165801, 48.336800472480995 ], [ -71.276630339201674, 48.336306443664299 ], [ -71.276538751276917, 48.33589481228276 ], [ -71.276648821964784, 48.335620903652938 ], [ -71.277097970137234, 48.335300730235602 ], [ -71.277909588447898, 48.335169688594121 ], [ -71.280569409431138, 48.335188557705898 ], [ -71.281721045750174, 48.334864636044706 ], [ -71.28279457272204, 48.334347076185097 ], [ -71.28321556258642, 48.333929011884749 ], [ -71.283742867304426, 48.333010506893821 ], [ -71.284251656007626, 48.330975071483756 ], [ -71.285086624259534, 48.329376121039907 ], [ -71.285194687345836, 48.328963830913445 ], [ -71.285287693499839, 48.32753337253272 ], [ -71.285395510398899, 48.327034899907346 ], [ -71.285673639789479, 48.326394097755546 ], [ -71.286167320112099, 48.325882660005391 ], [ -71.287055808268974, 48.325250432361663 ], [ -71.287837288194808, 48.324881728171661 ], [ -71.288599708515918, 48.324765274051956 ], [ -71.289153578190223, 48.324898173479191 ], [ -71.28932657487924, 48.325053661212586 ], [ -71.289426889844194, 48.325331442660058 ], [ -71.289236727211687, 48.326014421313751 ], [ -71.288837566210162, 48.326655265221056 ] ] } },
{ "type": "Feature", "properties": { "PROFONDEUR_M": 54.86 }, "geometry": { "type": "LineString", "coordinates": [ [ -71.336981801190475, 48.30918873339769 ], [ -71.337973308461599, 48.309052237863945 ], [ -71.338676311593602, 48.309060966753435 ], [ -71.33995460660077, 48.309180683194754 ], [ -71.341326433915711, 48.309450108714259 ], [ -71.342846425104639, 48.3098825965332 ], [ -71.344597865693785, 48.310497007453918 ], [ -71.347006791306029, 48.311162942602451 ], [ -71.348709420259937, 48.312144514170377 ], [ -71.351223295309524, 48.312477946379794 ], [ -71.35372420387742, 48.312304867111209 ], [ -71.354403862978529, 48.312179385439364 ], [ -71.356852863145207, 48.311393734165442 ], [ -71.358408372540367, 48.311267310333506 ], [ -71.362430338085673, 48.31136665187244 ], [ -71.365301020229523, 48.311787222681467 ], [ -71.367964855642526, 48.311946891958257 ], [ -71.369161176836641, 48.311923135646815 ], [ -71.375695038499416, 48.312606748365226 ], [ -71.376791530712481, 48.313083138731145 ], [ -71.379879325502515, 48.3148345744831 ], [ -71.380792415861151, 48.314972139641462 ], [ -71.383350822259032, 48.315159443362582 ], [ -71.383884006577375, 48.315300664509394 ], [ -71.384558235908969, 48.315794615406446 ], [ -71.386007125633597, 48.31729626878618 ], [ -71.387578924235427, 48.3181791931069 ], [ -71.388926298587165, 48.318465740940361 ], [ -71.389830914973743, 48.318533451432131 ], [ -71.392320957362742, 48.318053054028965 ], [ -71.392972410038368, 48.317999408793369 ], [ -71.395388610133821, 48.318886675764801 ], [ -71.397621843701714, 48.31931184241796 ], [ -71.398002952345564, 48.319528400318404 ], [ -71.399470043815086, 48.320822017861829 ], [ -71.399988991094162, 48.321380061043307 ], [ -71.401247468712242, 48.322166200630924 ], [ -71.401428948383128, 48.322422939533958 ], [ -71.401243056205075, 48.322619097880597 ], [ -71.400935667040585, 48.322667197844055 ], [ -71.398360430287312, 48.322717678228337 ], [ -71.396611704902639, 48.322977138729456 ], [ -71.39507291708945, 48.3229980689988 ], [ -71.393428429209152, 48.322875588793444 ], [ -71.391150066046748, 48.322540236103059 ], [ -71.389148427442834, 48.322066577642289 ], [ -71.386177365336948, 48.321862527892186 ], [ -71.384481036210289, 48.320808160650216 ], [ -71.383197193496613, 48.319783555951545 ], [ -71.381224333903333, 48.318680024777805 ], [ -71.380897400779062, 48.318267566176836 ], [ -71.380515233849536, 48.317425658170947 ], [ -71.380007720215119, 48.316847249647253 ], [ -71.379230461372018, 48.316227557364996 ], [ -71.378773529997162, 48.316006030567486 ], [ -71.37806465142171, 48.315800064378649 ], [ -71.377222570997716, 48.315699065260787 ], [ -71.372905677024676, 48.315536229225152 ], [ -71.370791875508061, 48.315560320975585 ], [ -71.368661289489282, 48.315318371002199 ], [ -71.366384800182033, 48.314946292810795 ], [ -71.364848749196398, 48.314861341369379 ], [ -71.363037183235605, 48.315135694401832 ], [ -71.361479592218899, 48.31549049541141 ], [ -71.358850448049154, 48.316238783897482 ], [ -71.356670808143292, 48.316339577005351 ], [ -71.355454389115451, 48.316288172089777 ], [ -71.351565384155236, 48.315709957077409 ], [ -71.350734283347293, 48.315470297198239 ], [ -71.350093936757489, 48.315196569240236 ], [ -71.34799447882871, 48.313932598958793 ], [ -71.346395466309687, 48.313103026732385 ], [ -71.345713873473869, 48.312835393998448 ], [ -71.345082751604892, 48.312718271138976 ], [ -71.343208539379035, 48.312517730733063 ], [ -71.342017736453144, 48.312544746436487 ], [ -71.341030634873647, 48.312892846484466 ], [ -71.339220357393245, 48.31393666045652 ], [ -71.338799575986187, 48.314052769298158 ], [ -71.338216290089207, 48.314005327548429 ], [ -71.335231002944411, 48.313336531481447 ], [ -71.33453320302975, 48.313130783020767 ], [ -71.332707838815054, 48.31236135944151 ], [ -71.331615970547247, 48.311654094789979 ], [ -71.32940586265471, 48.309992065580055 ], [ -71.328558124640679, 48.309520413448368 ], [ -71.327033422554507, 48.309040699358363 ], [ -71.326488380420002, 48.308987272037015 ], [ -71.32591551160796, 48.309075400465929 ], [ -71.323563867839511, 48.309801223262653 ], [ -71.321819845807482, 48.309985009833809 ], [ -71.313124330067069, 48.309132099137884 ], [ -71.311558585241272, 48.309055595190024 ], [ -71.309564123982923, 48.308607706497959 ], [ -71.308177013427184, 48.308077132645522 ], [ -71.30707926915062, 48.307498116450311 ], [ -71.306320155096373, 48.306895514541146 ], [ -71.30619591084907, 48.306693660104294 ], [ -71.306376883683924, 48.306509820173702 ], [ -71.306835743581956, 48.306321139317305 ], [ -71.307920141929984, 48.306017547110351 ], [ -71.310372214554988, 48.306114901097011 ], [ -71.313823521057131, 48.305941494016658 ], [ -71.315793281205913, 48.306158308226017 ], [ -71.318129282699147, 48.305892517197812 ], [ -71.321214942830295, 48.305896629253191 ], [ -71.324129825101352, 48.306068914569018 ], [ -71.325648440645196, 48.306275071853335 ], [ -71.326316933992103, 48.306472215311075 ], [ -71.327066882036107, 48.306806280469935 ], [ -71.329224076986904, 48.308000457513707 ], [ -71.330981675274529, 48.308656442915627 ], [ -71.332145910771288, 48.309224051682229 ], [ -71.332742594128476, 48.309404315433845 ], [ -71.334700318262492, 48.309577614847434 ], [ -71.336981801190475, 48.30918873339769 ] ] } },
{ "type": "Feature", "properties": { "PROFONDEUR_M": 70.1 }, "geometry": { "type": "LineString", "coordinates": [ [ -71.273273111151866, 48.301231491603474 ], [ -71.272271715646141, 48.301301038935634 ], [ -71.271701969427866, 48.301187802387744 ], [ -71.270317061949967, 48.300489124041682 ], [ -71.269696936084216, 48.299954781379462 ], [ -71.269669287561015, 48.299838198269512 ], [ -71.270039241608529, 48.299781861478209 ], [ -71.270856328380702, 48.299900224606624 ], [ -71.274111275162184, 48.300984358830917 ], [ -71.273973537559854, 48.301117896285703 ], [ -71.273273111151866, 48.301231491603474 ] ] } },
{ "type": "Feature", "properties": { "PROFONDEUR_M": 3.05 }, "geometry": { "type": "LineString", "coordinates": [ [ -71.530592473656711, 48.389210246527384 ], [ -71.532798115534447, 48.390268367536393 ], [ -71.533130995999002, 48.390634654138552 ], [ -71.533202082737048, 48.39085537387006 ], [ -71.533142677283109, 48.391109919706416 ], [ -71.53281758746094, 48.391363117898862 ], [ -71.532451952195046, 48.391447749350306 ], [ -71.531750804843597, 48.391440552685381 ], [ -71.531070913753382, 48.39127884295857 ], [ -71.530884134029108, 48.391340170686483 ], [ -71.53078572086396, 48.39146655961504 ], [ -71.530776321491587, 48.391758219841307 ], [ -71.531103381086282, 48.39273780154371 ], [ -71.531073075699226, 48.393023590196897 ], [ -71.530913321973586, 48.393297257638885 ], [ -71.5296235298444, 48.394168090953293 ], [ -71.527477559514296, 48.395306752517563 ], [ -71.527125188612544, 48.395607392762358 ], [ -71.526857414201132, 48.396189501961516 ], [ -71.526805049179558, 48.396903019491027 ], [ -71.527334080958113, 48.398638321592678 ], [ -71.527378860910176, 48.399442862638573 ], [ -71.527205807640257, 48.39956741755357 ], [ -71.52615415884037, 48.3998757876059 ], [ -71.524611360991187, 48.400865012629772 ], [ -71.524320861956795, 48.400920560001609 ], [ -71.523673220257081, 48.400866459506872 ], [ -71.521088368136489, 48.400380102544389 ], [ -71.520573448132168, 48.400445706649791 ], [ -71.519355539109355, 48.401107969596588 ], [ -71.518225072068702, 48.401330815798183 ], [ -71.517750000138818, 48.40151518878973 ], [ -71.517201763440369, 48.401873533418204 ], [ -71.516542149286877, 48.402762665596939 ], [ -71.516215174565602, 48.402905470742766 ], [ -71.515891518369799, 48.402885886885322 ], [ -71.515512531237164, 48.402687979965037 ], [ -71.514716292612178, 48.401790558148832 ], [ -71.513480084894709, 48.400808855757852 ], [ -71.512855136028861, 48.400015191625535 ], [ -71.511544750565164, 48.399192735875026 ], [ -71.51078199996229, 48.398532882265492 ], [ -71.510562923735051, 48.397948996603496 ], [ -71.509922163098693, 48.396730527276162 ], [ -71.509936809093844, 48.396257085897325 ], [ -71.510537639067635, 48.395269636114726 ], [ -71.510796666557695, 48.395010641950471 ], [ -71.513095008921809, 48.393985270061599 ], [ -71.513701388411178, 48.393447838122874 ], [ -71.513777595120203, 48.393119563131094 ], [ -71.513673069988599, 48.392779535390005 ], [ -71.512600154855434, 48.391691508876363 ], [ -71.512374027314692, 48.391037767876895 ], [ -71.5124479542648, 48.390741574806555 ], [ -71.513356598014795, 48.389986846560099 ], [ -71.513484994909675, 48.389636953901622 ], [ -71.513262652833788, 48.389375626265469 ], [ -71.512557076827903, 48.389025905813156 ], [ -71.5123855522762, 48.388711557305669 ], [ -71.512482083844418, 48.388475427452121 ], [ -71.512679862629824, 48.388268530528457 ], [ -71.514379272122426, 48.387515175176461 ], [ -71.514824353707994, 48.387455776114869 ], [ -71.516511690437738, 48.387728474186332 ], [ -71.518289779050136, 48.38829104439781 ], [ -71.522109698902028, 48.389299901408442 ], [ -71.522449945923427, 48.389543063884659 ], [ -71.522522060062641, 48.390000476881468 ], [ -71.522655012298671, 48.390233348331897 ], [ -71.522938192044535, 48.390376764400813 ], [ -71.52355164141062, 48.390493798952143 ], [ -71.524299438095198, 48.390450991222053 ], [ -71.525097079000346, 48.39007523930232 ], [ -71.525526928538326, 48.389697565959224 ], [ -71.526121310978084, 48.388844122735371 ], [ -71.526862779671987, 48.388227104623709 ], [ -71.527274827519065, 48.388065984079844 ], [ -71.527810338507535, 48.388050259314916 ], [ -71.528954679842428, 48.388358311162897 ], [ -71.529587751287821, 48.388610399189709 ], [ -71.530592473656711, 48.389210246527384 ] ] } },
{ "type": "Feature", "properties": { "PROFONDEUR_M": 3.05 }, "geometry": { "type": "LineString", "coordinates": [ [ -71.445147636550573, 48.352230134227838 ], [ -71.443044202567492, 48.351718524545717 ], [ -71.442198886043172, 48.352015341449437 ], [ -71.44160859710891, 48.352717526170125 ], [ -71.44123620658614, 48.352882543803297 ], [ -71.44033572202396, 48.352856578687899 ], [ -71.438915272671409, 48.352512129219008 ], [ -71.438609633895084, 48.352365094220808 ], [ -71.438282438363643, 48.352012530514735 ], [ -71.438024251743599, 48.3513675629357 ], [ -71.437196777523624, 48.349810156073687 ], [ -71.436664378852768, 48.349016591280169 ], [ -71.435716917052289, 48.348254461155967 ], [ -71.434472464988175, 48.347914827880743 ], [ -71.43375312187581, 48.347806712290641 ], [ -71.433331940466502, 48.347846790419617 ], [ -71.431919013013726, 48.348240102064374 ], [ -71.430943374241991, 48.348267470076131 ], [ -71.43018284739351, 48.348141208560122 ], [ -71.429724905736336, 48.347987590132263 ], [ -71.42761285519444, 48.346875236864832 ], [ -71.426058718629065, 48.345835315778523 ], [ -71.425097509124598, 48.345511746960177 ], [ -71.418882984669366, 48.345384261824428 ], [ -71.418008169998615, 48.345430565761646 ], [ -71.415455498200316, 48.345785112962474 ], [ -71.413403835535846, 48.345710539734739 ], [ -71.412651735867982, 48.346060246658503 ], [ -71.411988809539906, 48.346791874727529 ], [ -71.411377619130008, 48.347204684358111 ], [ -71.410574021219105, 48.347452223394406 ], [ -71.409851862625473, 48.347424710831696 ], [ -71.409410515156537, 48.347246859442208 ], [ -71.409149984475292, 48.346910839891201 ], [ -71.409029286515619, 48.345913644079999 ], [ -71.408878429303314, 48.345414902479135 ], [ -71.409110110060595, 48.34491873363632 ], [ -71.409094669100242, 48.344744831090047 ], [ -71.408687608487256, 48.344374553601199 ], [ -71.408124611838971, 48.344030446970663 ], [ -71.407512606045529, 48.343872384593801 ], [ -71.406393843397041, 48.343900724293398 ], [ -71.404453505396461, 48.344375594856871 ], [ -71.403989141823715, 48.344291971492119 ], [ -71.40366284985376, 48.343905314902948 ], [ -71.403475080848992, 48.343874549350751 ], [ -71.403014272069612, 48.344074506318428 ], [ -71.402581599122669, 48.344481727924943 ], [ -71.401284225162271, 48.344755100894389 ], [ -71.39929227085608, 48.344443055385952 ], [ -71.398774147572283, 48.344872608246028 ], [ -71.398108191339006, 48.345256463919831 ], [ -71.398013597231554, 48.345436102769447 ], [ -71.398032083792842, 48.34592103805403 ], [ -71.397779375270972, 48.346196761672047 ], [ -71.397184086714134, 48.346412840944289 ], [ -71.395994550997628, 48.346371587131564 ], [ -71.39554162154414, 48.346450734635511 ], [ -71.394992411961255, 48.346894811166258 ], [ -71.394320455224175, 48.34724590877812 ], [ -71.393777148098934, 48.347664361210143 ], [ -71.39330501016714, 48.347622289246168 ], [ -71.393024244796052, 48.347464417570841 ], [ -71.393015343097076, 48.347281575314085 ], [ -71.393293987733017, 48.346544393327228 ], [ -71.393215905652298, 48.346288086000634 ], [ -71.393034327216938, 48.346166743561419 ], [ -71.390951961984484, 48.347148925977287 ], [ -71.389943457317457, 48.347264248727932 ], [ -71.389857756562293, 48.347161916335246 ], [ -71.389985900518496, 48.347015020108834 ], [ -71.391087885459726, 48.346361182010575 ], [ -71.39118351434206, 48.346183934752929 ], [ -71.391159970176673, 48.346056185290159 ], [ -71.390118874495712, 48.345744408032928 ], [ -71.389559247732663, 48.345489180529064 ], [ -71.388645588962646, 48.345741208416413 ], [ -71.388364685580569, 48.345711132816184 ], [ -71.388193513870959, 48.345559482350851 ], [ -71.387961523023733, 48.345020607689051 ], [ -71.387446362753408, 48.344209565608963 ], [ -71.387042421550902, 48.343859709086075 ], [ -71.385241899726495, 48.343065507921231 ], [ -71.383080961975523, 48.342770154926981 ], [ -71.383034827805616, 48.342652149836383 ], [ -71.383385550369155, 48.342345573717417 ], [ -71.383499612993347, 48.342071836911977 ], [ -71.383454646993115, 48.341888539406142 ], [ -71.383255835030184, 48.341711222017942 ], [ -71.381207905369749, 48.341584538875871 ], [ -71.38095422788922, 48.341490708019521 ], [ -71.380880283388265, 48.341342044885742 ], [ -71.38090911464387, 48.341194110027558 ], [ -71.381090397776745, 48.341014754169827 ], [ -71.381385087583226, 48.340884549836915 ], [ -71.382325435779961, 48.340800209356551 ], [ -71.383502691565255, 48.340815182709967 ], [ -71.383880983790235, 48.340729731305281 ], [ -71.384016162334262, 48.340610114999954 ], [ -71.384111464884839, 48.34035319528693 ], [ -71.384039701830716, 48.339947027623239 ], [ -71.38390420026272, 48.339805985741926 ], [ -71.383029001810755, 48.339380406634348 ], [ -71.383098599128786, 48.338804383923978 ], [ -71.383039196040784, 48.338532384409348 ], [ -71.382519610514933, 48.337911902973815 ], [ -71.381961582717935, 48.337711491152582 ], [ -71.381107938239026, 48.337583948497844 ], [ -71.37935907302581, 48.337672361011208 ], [ -71.379148916188583, 48.337441556270633 ], [ -71.379031025894278, 48.3368142797354 ], [ -71.378811880080249, 48.336364532688862 ], [ -71.378493698698605, 48.33607140176062 ], [ -71.37804484428321, 48.335941333785279 ], [ -71.377077455567033, 48.336110749546592 ], [ -71.376687575161782, 48.336319993056655 ], [ -71.376506021126062, 48.336586298022262 ], [ -71.376506920978173, 48.336730500045391 ], [ -71.376650808144106, 48.336951839487021 ], [ -71.377795734794489, 48.3376949767394 ], [ -71.377955124188972, 48.337874361268327 ], [ -71.377928894512991, 48.338227640145654 ], [ -71.377471806182783, 48.338452926001857 ], [ -71.376456122443699, 48.338404317004532 ], [ -71.376054846468918, 48.338057245366087 ], [ -71.375667702098468, 48.3375092873912 ], [ -71.375183506493954, 48.337343612186281 ], [ -71.374559187570867, 48.337296286717141 ], [ -71.373841859506655, 48.337343111321161 ], [ -71.373200851292424, 48.337628777586474 ], [ -71.373022874329209, 48.337908083709557 ], [ -71.372962755502002, 48.338656193949063 ], [ -71.372765764343356, 48.338775305464118 ], [ -71.37159831353496, 48.338627091691876 ], [ -71.371417588323794, 48.338502076797624 ], [ -71.371215400107999, 48.338038918899315 ], [ -71.370654384593749, 48.337826937314162 ], [ -71.369591880839764, 48.337831898333576 ], [ -71.368536688448643, 48.337997663609173 ], [ -71.368119722351437, 48.338155011814784 ], [ -71.367585609145266, 48.338657537397538 ], [ -71.367095152482506, 48.339407240881336 ], [ -71.366428345821561, 48.34016650352747 ], [ -71.365832382989566, 48.341087367251212 ], [ -71.365622760261559, 48.341688889631754 ], [ -71.365584432171985, 48.342960503832302 ], [ -71.365315767587091, 48.343282024031204 ], [ -71.364705671603957, 48.343670291023535 ], [ -71.364530499456549, 48.343886757932623 ], [ -71.364322969667811, 48.344331009199195 ], [ -71.364125739982953, 48.345284915787197 ], [ -71.363983058741141, 48.345589173210577 ], [ -71.363492314338686, 48.346191096282539 ], [ -71.363141846884801, 48.34642321354881 ], [ -71.362460003039772, 48.346535667880993 ], [ -71.361922601142922, 48.346461171742924 ], [ -71.361718862956067, 48.346231463481935 ], [ -71.361843968639022, 48.345499511254559 ], [ -71.362245649811001, 48.344566083599204 ], [ -71.362578607460279, 48.342979393717769 ], [ -71.362890643084555, 48.342082011621081 ], [ -71.362755039008405, 48.341552188777428 ], [ -71.362764788795928, 48.341248033306123 ], [ -71.363192500314938, 48.340420878802838 ], [ -71.362966736475371, 48.339370909043254 ], [ -71.362574904338288, 48.338440147143309 ], [ -71.362434559639283, 48.33755292549985 ], [ -71.362508232668006, 48.337119198707327 ], [ -71.362908888636198, 48.336214702150748 ], [ -71.363317429971502, 48.335946880156378 ], [ -71.363909161689648, 48.335927957112197 ], [ -71.364354830796273, 48.336064161257852 ], [ -71.365846902679323, 48.336800251443314 ], [ -71.366267107960908, 48.336923242851817 ], [ -71.36923905008311, 48.337302065030634 ], [ -71.370525965075529, 48.337204824666387 ], [ -71.371844419468147, 48.337257584929844 ], [ -71.372435908528843, 48.337177221612926 ], [ -71.373284507479042, 48.336741224581928 ], [ -71.373697919946281, 48.336287492800743 ], [ -71.373791651071599, 48.335864337422777 ], [ -71.373738824969948, 48.335491641496617 ], [ -71.373592125999721, 48.335313260169187 ], [ -71.372263861225392, 48.335158505997732 ], [ -71.37193434475094, 48.335018022872241 ], [ -71.371574653767226, 48.334500713908021 ], [ -71.371300616796702, 48.333628264776124 ], [ -71.371132143994402, 48.333480763291156 ], [ -71.370848681126844, 48.333392289953728 ], [ -71.370091233404068, 48.333351953364961 ], [ -71.369477536224906, 48.333440892368031 ], [ -71.367135311346985, 48.334138152738319 ], [ -71.366524340103155, 48.334183534119219 ], [ -71.366186069865236, 48.334104763483474 ], [ -71.36529719180966, 48.333337505892935 ], [ -71.365122781411316, 48.332907309420854 ], [ -71.365259575047986, 48.332003431156366 ], [ -71.36589862826942, 48.330837311308571 ], [ -71.365878594530216, 48.330228075010233 ], [ -71.365618368706862, 48.329811984751863 ], [ -71.36440312962371, 48.328604022098489 ], [ -71.3642171263199, 48.328161175050809 ], [ -71.364107990325635, 48.327406699266724 ], [ -71.363853450266546, 48.326958563751909 ], [ -71.363587663845905, 48.326758286879041 ], [ -71.362758910762096, 48.326544162725114 ], [ -71.361542378063078, 48.327130240887094 ], [ -71.361267527952108, 48.327345008571818 ], [ -71.360997334130218, 48.32732339201025 ], [ -71.36063585072128, 48.327090246961561 ], [ -71.360650305614669, 48.326857771681304 ], [ -71.361550461668244, 48.326042724551783 ], [ -71.361774277216924, 48.325602832900813 ], [ -71.361712422760533, 48.325351176428022 ], [ -71.361192642404532, 48.324870281307213 ], [ -71.3612595848669, 48.324553385146395 ], [ -71.361570071334455, 48.324332357151334 ], [ -71.363060736719163, 48.323726112801921 ], [ -71.363294830112778, 48.323450894604747 ], [ -71.363499785353952, 48.322721907012458 ], [ -71.36357384922249, 48.322009508403035 ], [ -71.363802830689735, 48.32148720674595 ], [ -71.363727428664433, 48.321171392815309 ], [ -71.363313101803342, 48.320718969875571 ] ] } },
{ "type": "Feature", "properties": { "PROFONDEUR_M": 6.1 }, "geometry": { "type": "LineString", "coordinates": [ [ -71.287119409489463, 48.311621603281587 ], [ -71.286885502462127, 48.31286564754334 ], [ -71.286765166369719, 48.313127472983581 ], [ -71.286544190037475, 48.313377295495734 ], [ -71.285664056893495, 48.313978294154538 ], [ -71.285568847592984, 48.314168090952975 ], [ -71.285515481603468, 48.314748324990553 ], [ -71.284856973719201, 48.315473830513056 ], [ -71.284389053217382, 48.31569261150387 ], [ -71.283728132655938, 48.315733137985958 ], [ -71.283065307936454, 48.315619099895905 ], [ -71.282731510194452, 48.315379457766944 ], [ -71.282599313456686, 48.314824801962537 ], [ -71.282830074540385, 48.313321703212679 ], [ -71.282467383575707, 48.312264609031608 ], [ -71.282434119855893, 48.31196971193274 ], [ -71.282511567814481, 48.311527910259969 ], [ -71.282813410295702, 48.31116802868199 ], [ -71.283604115652096, 48.310701284086001 ], [ -71.284050301249536, 48.310540996340549 ], [ -71.285521282067606, 48.310245633984948 ], [ -71.286220152877561, 48.310220389368141 ], [ -71.286600117367939, 48.310311297348605 ], [ -71.286985887807347, 48.3105798845423 ], [ -71.287106502133298, 48.310845801612011 ], [ -71.287119409489463, 48.311621603281587 ] ] } },
{ "type": "Feature", "properties": { "PROFONDEUR_M": 7.32 }, "geometry": { "type": "LineString", "coordinates": [ [ -71.472224128712398, 48.368926241356334 ], [ -71.472257528371841, 48.368811740871926 ], [ -71.472043330878691, 48.368793269083916 ], [ -71.472025333184106, 48.368899719018152 ], [ -71.472224128712398, 48.368926241356334 ] ] } },
{ "type": "Feature", "properties": { "PROFONDEUR_M": 3.05 }, "geometry": { "type": "LineString", "coordinates": [ [ -71.419082814141703, 48.349031062402752 ], [ -71.421672809321009, 48.348957435835786 ], [ -71.421993927744211, 48.349013041828982 ], [ -71.422116617843344, 48.349142799049069 ], [ -71.421822565285481, 48.349999065611598 ], [ -71.421608361477624, 48.350254912199262 ], [ -71.421376061408125, 48.350735744554733 ], [ -71.421079811148118, 48.351931675321225 ], [ -71.420939312780604, 48.35283207308813 ], [ -71.420973836469329, 48.353900414088812 ], [ -71.421112024779191, 48.35440908663368 ], [ -71.421123438950502, 48.354928324443485 ], [ -71.421049801889126, 48.355237785491028 ], [ -71.420871160768826, 48.35534530714957 ], [ -71.420599372347993, 48.355367388043071 ], [ -71.420207702130995, 48.355229221609683 ], [ -71.419851713643908, 48.354947435104357 ], [ -71.419779983492973, 48.354673392161857 ], [ -71.419993267753398, 48.354191042407152 ], [ -71.419649563008065, 48.35386980571424 ], [ -71.4188083203925, 48.35341344567663 ], [ -71.417522385869731, 48.352965337971781 ], [ -71.417152284119481, 48.352684753898593 ], [ -71.416652569456488, 48.351247962760219 ], [ -71.415253559793669, 48.349574738369775 ], [ -71.415144526718606, 48.349305214920513 ], [ -71.415226424939704, 48.349000548400511 ], [ -71.415718759829815, 48.348814028060765 ], [ -71.417739022170565, 48.348820126767478 ], [ -71.418534842077889, 48.34900358206071 ], [ -71.419082814141703, 48.349031062402752 ] ] } },
{ "type": "Feature", "properties": { "PROFONDEUR_M": 45.72 }, "geometry": { "type": "LineString", "coordinates": [ [ -71.250134043737361, 48.295847763105201 ], [ -71.252274844626058, 48.296153341496414 ], [ -71.255010250602353, 48.296745406690512 ], [ -71.255169237483983, 48.296806309558121 ], [ -71.255185162650733, 48.296903075938353 ], [ -71.25486666240883, 48.297103489990683 ], [ -71.252516039529098, 48.29671270126186 ], [ -71.250805930047619, 48.296665137178813 ], [ -71.250534407568452, 48.296765315404308 ], [ -71.250289045683161, 48.296978187059572 ], [ -71.249737765693155, 48.298140645162867 ], [ -71.249516607958341, 48.298378607648146 ], [ -71.249300966841631, 48.29849834070744 ], [ -71.248093302224618, 48.298674273754436 ], [ -71.247564244213763, 48.298694648209789 ], [ -71.246045789981736, 48.298502765862985 ], [ -71.244431425522407, 48.298067002169418 ], [ -71.24426157702257, 48.297931879951797 ], [ -71.244328135606168, 48.297664294850982 ], [ -71.245451162783311, 48.297061617632174 ], [ -71.245620275991882, 48.296833517852207 ], [ -71.245671942132205, 48.296451396193696 ], [ -71.245618180857932, 48.296307131602113 ], [ -71.244693496161574, 48.295575775072599 ], [ -71.244668949359763, 48.29546487662612 ], [ -71.244759406249599, 48.295372546923353 ], [ -71.245172829451946, 48.295346689770319 ], [ -71.247409801681641, 48.295532458867157 ], [ -71.250134043737361, 48.295847763105201 ] ] } },
{ "type": "Feature", "properties": { "PROFONDEUR_M": 3.05 }, "geometry": { "type": "LineString", "coordinates": [ [ -71.297142067312052, 48.311224991362984 ], [ -71.297047836446396, 48.311569712687302 ], [ -71.296841911627013, 48.311804476058001 ], [ -71.295423397351129, 48.312329912537905 ], [ -71.294970401359123, 48.313124250188487 ], [ -71.29484849727757, 48.313219643127873 ], [ -71.294509595520182, 48.313302576275767 ], [ -71.294050852099602, 48.313247789791298 ], [ -71.293798533633705, 48.313120247526612 ], [ -71.293528264253126, 48.312813024803205 ], [ -71.293502405709916, 48.312503957638903 ], [ -71.293734080231431, 48.312193940300858 ], [ -71.29442657821599, 48.311793156413344 ], [ -71.29470838551164, 48.311339870653079 ], [ -71.294882553946778, 48.311197395685127 ], [ -71.295846708048643, 48.310742226946324 ], [ -71.296552094286412, 48.310536718848745 ], [ -71.296933944492878, 48.310578828986927 ], [ -71.297178672052993, 48.310871349593718 ], [ -71.297142067312052, 48.311224991362984 ] ] } },
{ "type": "Feature", "properties": { "PROFONDEUR_M": 6.71 }, "geometry": { "type": "LineString", "coordinates": [ [ -71.477575180819628, 48.371158445528629 ], [ -71.477776406645333, 48.371187681379659 ], [ -71.477745766306668, 48.37130508645339 ], [ -71.477536152506261, 48.371292206134889 ], [ -71.477575180819628, 48.371158445528629 ] ] } },
{ "type": "Feature", "properties": { "PROFONDEUR_M": 3.05 }, "geometry": { "type": "LineString", "coordinates": [ [ -71.276797359348947, 48.34994013420377 ], [ -71.277289071018203, 48.349939034660856 ], [ -71.277729171360221, 48.350049549340639 ], [ -71.278436017742365, 48.350421684902237 ], [ -71.278710348442914, 48.350660118698485 ], [ -71.278942204956095, 48.35106341650426 ], [ -71.27895479656992, 48.351304408075066 ], [ -71.278867765620589, 48.35166022844205 ], [ -71.278674919735906, 48.351896222434696 ], [ -71.278207865779677, 48.352181954341532 ], [ -71.277644494148603, 48.352257674447522 ], [ -71.276357659153689, 48.352108544201187 ], [ -71.275830083906882, 48.351878317939089 ], [ -71.27557707051804, 48.35152520973292 ], [ -71.275514384046616, 48.351267943743338 ], [ -71.275694635101132, 48.350380450706162 ], [ -71.275940022470735, 48.350141589025135 ], [ -71.276797359348947, 48.34994013420377 ] ] } },
{ "type": "Feature", "properties": { "PROFONDEUR_M": 73.15 }, "geometry": { "type": "LineString", "coordinates": [ [ -71.512738277494819, 48.341801312366904 ], [ -71.51463894100381, 48.34217024223085 ], [ -71.520060918442667, 48.34348071379582 ], [ -71.522142850631596, 48.343881503491581 ], [ -71.522323395711766, 48.34403103007476 ], [ -71.522234828374025, 48.344142975956565 ], [ -71.521911434547761, 48.344257672198744 ], [ -71.520616605318907, 48.344436451603826 ], [ -71.515914304709781, 48.344664957727609 ], [ -71.511999358160239, 48.344656078651298 ], [ -71.511351715677478, 48.344545559582691 ], [ -71.510633824760831, 48.344238581223365 ], [ -71.509736890989785, 48.343716409400137 ], [ -71.50909761853768, 48.343519505481524 ], [ -71.507937814980124, 48.343461680080139 ], [ -71.506180996999191, 48.343513549603841 ], [ -71.50397272564129, 48.343140465586977 ], [ -71.496144419946958, 48.34157943642083 ], [ -71.494755064859035, 48.341433987660906 ], [ -71.489553762542329, 48.341220034842685 ], [ -71.488109901092784, 48.341052120058229 ], [ -71.485375841398366, 48.340423859463186 ], [ -71.484577929809191, 48.340309652164549 ], [ -71.481528106344342, 48.340241037425947 ], [ -71.48070810278675, 48.340139429776158 ], [ -71.479212912132212, 48.339819652358592 ], [ -71.478455681407894, 48.339309976918358 ], [ -71.47734228066868, 48.338308313625319 ], [ -71.476197035003807, 48.337648861152118 ], [ -71.47557637864206, 48.33743505594699 ], [ -71.474627811091793, 48.337156856545072 ], [ -71.473153619979783, 48.336907293563101 ], [ -71.470589205376399, 48.336816713927647 ], [ -71.46916776679268, 48.336652493566952 ], [ -71.468235053477969, 48.336388409902199 ], [ -71.466986243740138, 48.335841565956422 ], [ -71.467240587552723, 48.335693807034453 ], [ -71.469209971978884, 48.335400314480374 ], [ -71.470772797013993, 48.335317620920982 ], [ -71.477647625407513, 48.336209793004471 ], [ -71.480716479608674, 48.336703658409235 ], [ -71.481267822172114, 48.336830819870215 ], [ -71.482230288130935, 48.337305052002755 ], [ -71.482619515294758, 48.337564291584172 ], [ -71.483632958700923, 48.338507775030223 ], [ -71.484308821556084, 48.338960390681507 ], [ -71.485432812667739, 48.339423011263186 ], [ -71.486248409842602, 48.339542438149614 ], [ -71.486879547710913, 48.339543599165744 ], [ -71.488442135262943, 48.339293776076971 ], [ -71.491919347709754, 48.338233799067844 ], [ -71.493553055154663, 48.337919957097917 ], [ -71.494101916738998, 48.337911338912143 ], [ -71.49501628419489, 48.338066693622423 ], [ -71.500148609390521, 48.33930439024688 ], [ -71.507311550978187, 48.340158258995537 ], [ -71.508247635139341, 48.340385088894607 ], [ -71.510565556516539, 48.341273771759802 ], [ -71.512738277494819, 48.341801312366904 ] ] } },
{ "type": "Feature", "properties": { "PROFONDEUR_M": 73.15 }, "geometry": { "type": "LineString", "coordinates": [ [ -71.391307505961791, 48.321472005695774 ], [ -71.388975309345255, 48.320899851592742 ], [ -71.38861566525398, 48.320699009224782 ], [ -71.388531640155307, 48.320518981121545 ], [ -71.38948195258817, 48.320236218677742 ], [ -71.390860167716994, 48.320374851916341 ], [ -71.391496138349595, 48.32053692676898 ], [ -71.39225986950413, 48.320901602952397 ], [ -71.392691807867408, 48.321185772046306 ], [ -71.3928115648541, 48.321421967958429 ], [ -71.392728387765146, 48.321567146027164 ], [ -71.392503418860088, 48.321638629649385 ], [ -71.391307505961791, 48.321472005695774 ] ] } },
{ "type": "Feature", "properties": { "PROFONDEUR_M": 6.1 }, "geometry": { "type": "LineString", "coordinates": [ [ -71.36237254889646, 48.319915573010142 ], [ -71.362925069701987, 48.319952386929941 ], [ -71.363594440473136, 48.320131621075816 ], [ -71.363979654338721, 48.320631330255289 ], [ -71.364038768539899, 48.321034248508255 ], [ -71.36391635300015, 48.322696104664658 ], [ -71.36373281200558, 48.323371569879278 ], [ -71.363220084071116, 48.323873334082876 ], [ -71.362119070669223, 48.324370436426882 ], [ -71.361937432942284, 48.324538267894106 ], [ -71.361879773847434, 48.324728649343619 ], [ -71.362061983885141, 48.325308037856658 ], [ -71.361950309287081, 48.326067057079158 ], [ -71.363134560083878, 48.326181286034583 ], [ -71.364080998290149, 48.326452548273345 ], [ -71.36454880815235, 48.326907625377807 ], [ -71.365078334558163, 48.328054143028176 ], [ -71.365338735805793, 48.328314349612114 ], [ -71.365731359565544, 48.328463514303095 ], [ -71.367351037069412, 48.328807287258705 ], [ -71.368659857197585, 48.329301791540637 ], [ -71.372741132405181, 48.331237294005938 ], [ -71.373106304668056, 48.33167895496566 ], [ -71.373751389939287, 48.333287853800243 ], [ -71.374879586279349, 48.334128512679314 ], [ -71.375138281862974, 48.33459338428397 ], [ -71.375208176419363, 48.33481433495276 ], [ -71.375185486837708, 48.335146296723089 ], [ -71.374910522067267, 48.336127912434378 ], [ -71.375004367057898, 48.336265240494988 ], [ -71.37569607575125, 48.336268916935843 ], [ -71.377688122817887, 48.335672715570645 ], [ -71.378456722242873, 48.335728314035165 ], [ -71.378899466492811, 48.335959145256538 ], [ -71.379188012871751, 48.33648358744427 ], [ -71.379293553510934, 48.336892891743005 ], [ -71.379569791853086, 48.337109610651048 ], [ -71.380580142580001, 48.337320370463019 ], [ -71.381951520178035, 48.337435646617038 ], [ -71.382963060299261, 48.337879729716796 ], [ -71.38351378547992, 48.3385584014434 ], [ -71.383611858579954, 48.339334562125217 ], [ -71.384338821643098, 48.3398416226633 ], [ -71.384584340819202, 48.340270831949006 ], [ -71.384590819558028, 48.340470281961288 ], [ -71.384461238379998, 48.340783137479072 ], [ -71.383873327077978, 48.341216827215256 ], [ -71.384068489179143, 48.341871433816387 ], [ -71.384102480173283, 48.342321332680903 ], [ -71.384192450111584, 48.342454817146717 ], [ -71.384663870998267, 48.342702714543215 ], [ -71.386598740884295, 48.343095333640413 ], [ -71.387408462854722, 48.343554017017432 ], [ -71.388994939615827, 48.345037956791813 ], [ -71.390513408106372, 48.345492454111969 ], [ -71.391917789127476, 48.345478594677438 ], [ -71.392240918322187, 48.34534291576427 ], [ -71.392185458249415, 48.345213005057339 ], [ -71.391337224182848, 48.344519196612836 ], [ -71.391000259095364, 48.343990674137281 ], [ -71.39098260844726, 48.343594524293401 ], [ -71.391476304494219, 48.343213322235762 ], [ -71.392336448428978, 48.342801194401119 ], [ -71.393585787924252, 48.34234501130905 ], [ -71.395522178494559, 48.341946365302604 ], [ -71.396238083938087, 48.341906852619694 ], [ -71.396648777220278, 48.341984695449582 ], [ -71.396911397579842, 48.342129304678046 ], [ -71.397166673894077, 48.342531132202041 ], [ -71.397064813408022, 48.343275291625481 ], [ -71.396863783311517, 48.343760129046849 ], [ -71.39592367623159, 48.345301065299651 ], [ -71.395934016510907, 48.345506944730701 ], [ -71.396145206091504, 48.345673641222689 ], [ -71.396724968661616, 48.345742858119486 ], [ -71.397149334839398, 48.345652401758336 ], [ -71.398348284428863, 48.344458125463056 ], [ -71.399180826839469, 48.343976407538364 ], [ -71.40111887156506, 48.344337393438188 ], [ -71.40319336124692, 48.343759084313405 ], [ -71.403544575099914, 48.343753816212867 ], [ -71.404838871223248, 48.344001443202977 ], [ -71.406014969538404, 48.343826471212239 ], [ -71.407591744673809, 48.343725109835738 ], [ -71.408122477735461, 48.343813638368268 ], [ -71.408490175305232, 48.343977483883407 ], [ -71.409233422777888, 48.344411096499549 ], [ -71.40951172366556, 48.344674035758544 ], [ -71.409715016725215, 48.344932702818802 ], [ -71.409652123930371, 48.345661510295223 ], [ -71.409818917694651, 48.346068273502496 ], [ -71.410094713128927, 48.346187389280523 ], [ -71.410773218999665, 48.346206624142205 ], [ -71.411176836067895, 48.346081855429944 ], [ -71.411483738224632, 48.345400541187466 ], [ -71.41149589052614, 48.345042610952873 ], [ -71.411038641296543, 48.34450124568253 ], [ -71.410888048417164, 48.344062683899381 ], [ -71.410931687584551, 48.343869068759481 ], [ -71.411080152948429, 48.343699774155006 ], [ -71.411504080390841, 48.343440634952451 ], [ -71.412534421490193, 48.343092342133751 ], [ -71.413106874657231, 48.343001759315804 ], [ -71.414614582947408, 48.343154325136013 ], [ -71.415131312905146, 48.343100037261301 ], [ -71.41708119188884, 48.342478611376897 ], [ -71.418030259173193, 48.342404580535515 ], [ -71.419306661455224, 48.342651595039477 ], [ -71.421032291222616, 48.343406753303171 ], [ -71.422106004574971, 48.344004933076022 ], [ -71.424976541079303, 48.34486792117886 ], [ -71.427330691035635, 48.345845062000585 ], [ -71.429361515570704, 48.346470179392711 ], [ -71.431316496479653, 48.346708350719297 ], [ -71.432441568956662, 48.346754771660613 ], [ -71.434425822867411, 48.346695135942156 ], [ -71.435626558162937, 48.346796924232628 ], [ -71.436330057619656, 48.346965016306086 ], [ -71.438606518007717, 48.347749226826572 ], [ -71.440623895368404, 48.348057246352951 ], [ -71.442573201939993, 48.347971477622799 ], [ -71.443181196353279, 48.347848002879111 ], [ -71.443349699575776, 48.347638576761497 ], [ -71.443125565932277, 48.3472868732769 ], [ -71.442680699328875, 48.346955932601972 ], [ -71.441300792357964, 48.346604840927142 ], [ -71.440243734324426, 48.346014838072094 ], [ -71.440024927694083, 48.345777750453962 ], [ -71.439915799281522, 48.345519322818518 ], [ -71.439954886804486, 48.344993060867957 ], [ -71.439632988825394, 48.344815096741293 ], [ -71.437446201956647, 48.344937056491723 ], [ -71.436250415478455, 48.344874709516453 ], [ -71.433660666391717, 48.344542129170392 ], [ -71.432439512689712, 48.344049431124397 ], [ -71.431222177561878, 48.344176960704537 ], [ -71.429128111726754, 48.343929461583116 ], [ -71.428595131589248, 48.343586710375931 ], [ -71.428128730296706, 48.34309330478596 ], [ -71.427938823776643, 48.34299438218482 ], [ -71.425582318441869, 48.34237960897805 ], [ -71.425129661629498, 48.342230698921966 ], [ -71.424821289423136, 48.342004264059575 ], [ -71.424470133137618, 48.341577630614353 ], [ -71.424337761054247, 48.341216426156954 ], [ -71.424398602837897, 48.340858241787508 ], [ -71.424718083248621, 48.340236063963204 ], [ -71.424471123198117, 48.339929984405522 ], [ -71.421834896651021, 48.339744503802741 ], [ -71.421295757958347, 48.339424359642358 ], [ -71.420695095577017, 48.338833491759743 ], [ -71.420469476536041, 48.338721162859486 ], [ -71.419826955668341, 48.338670484493804 ], [ -71.417838093940858, 48.33878098947747 ], [ -71.413853630676115, 48.339201938844319 ], [ -71.412808672863065, 48.339081001740922 ], [ -71.411185755831099, 48.33852859181868 ], [ -71.410019586200747, 48.338314914220661 ], [ -71.406268470290954, 48.338587313546043 ], [ -71.403132716722837, 48.338220478359524 ], [ -71.402559804126597, 48.338431153872179 ], [ -71.401864953984372, 48.339055153650108 ], [ -71.401072343468741, 48.339561433724541 ], [ -71.399842005761442, 48.339783722332776 ], [ -71.398997028413902, 48.339640912336485 ], [ -71.398298056481238, 48.339230075674294 ], [ -71.398089882072355, 48.338978750597995 ], [ -71.397994064766152, 48.338701893960085 ], [ -71.398044655569137, 48.337036473708473 ], [ -71.397779779950156, 48.336404729365334 ], [ -71.397503931773599, 48.336159570168412 ], [ -71.397051086295491, 48.336065258353692 ], [ -71.396093693646989, 48.336307201738215 ], [ -71.395783730235834, 48.336585277532457 ], [ -71.395592983652733, 48.337052831531679 ], [ -71.395144970237425, 48.337298051184248 ], [ -71.394345198355737, 48.337443099825819 ], [ -71.393572109382688, 48.337421268301497 ], [ -71.393168350934957, 48.337281641343374 ], [ -71.392648426077301, 48.336859278565043 ], [ -71.392128949634099, 48.336171942316767 ], [ -71.391559170063417, 48.335653831280368 ], [ -71.390995038823036, 48.334605686222766 ], [ -71.390509928859359, 48.334228934311135 ], [ -71.389833840428537, 48.334060731888549 ], [ -71.38839640236516, 48.333972739897966 ], [ -71.387311796158514, 48.333783511995073 ], [ -71.386596046076747, 48.333432373357994 ], [ -71.385013806231129, 48.3323488508235 ], [ -71.384587803370991, 48.332179554303487 ], [ -71.381928026174492, 48.331721799156043 ], [ -71.379864065300353, 48.331651597178421 ], [ -71.377624903575111, 48.330960534698171 ], [ -71.375621613042611, 48.329426962958451 ], [ -71.375343659469593, 48.329153485422786 ], [ -71.375259878332287, 48.328884342975925 ], [ -71.375297010781608, 48.328012364773222 ], [ -71.375543651544206, 48.327370758787325 ], [ -71.376085688661888, 48.326668194454022 ], [ -71.376854560129672, 48.326057656042579 ], [ -71.377625627481109, 48.325662815727675 ], [ -71.378364611177588, 48.32555762642297 ], [ -71.381391333365443, 48.325804933485877 ], [ -71.384880374727089, 48.326356587458079 ], [ -71.38949211516389, 48.326904346460893 ], [ -71.392534785613478, 48.327013667902975 ], [ -71.396088814387483, 48.326725743834558 ], [ -71.397442240019799, 48.326702685545712 ], [ -71.400628807141445, 48.326881907225335 ], [ -71.402507422478124, 48.327091453516033 ], [ -71.40435787250658, 48.327541730983405 ], [ -71.40553472240677, 48.327920325975292 ], [ -71.407808628745457, 48.32841254179187 ], [ -71.40919178476156, 48.328484969903677 ], [ -71.411289171657842, 48.328350814763994 ], [ -71.412169634167256, 48.328445803981104 ], [ -71.41309413077893, 48.32881088661739 ], [ -71.415351337973817, 48.329981359235489 ], [ -71.416911543652091, 48.330422134431352 ], [ -71.417730842377608, 48.330440244291083 ], [ -71.419544420074516, 48.330107231630073 ], [ -71.421365377974553, 48.330020591101544 ], [ -71.422781635728001, 48.330098926229546 ], [ -71.425220407995681, 48.330429761181371 ], [ -71.427825212695566, 48.330507703455467 ], [ -71.431307610780323, 48.330842695983456 ], [ -71.433475261512839, 48.330967072200721 ], [ -71.434943212400455, 48.331300379803785 ], [ -71.437449638412261, 48.332227799196545 ], [ -71.439715071964628, 48.332472270090506 ], [ -71.445401303067555, 48.333474631392363 ], [ -71.449060752835919, 48.333919874897759 ], [ -71.450643221688651, 48.334204651875531 ], [ -71.454533609412522, 48.335138089423602 ], [ -71.455832029495383, 48.335613447148589 ], [ -71.457400930281892, 48.336384961006793 ], [ -71.460476211361069, 48.337150838325762 ], [ -71.464516050040089, 48.33833579634959 ], [ -71.465655323290534, 48.338537028993741 ], [ -71.466689229813753, 48.338560049560847 ] ] } },
{ "type": "Feature", "properties": { "PROFONDEUR_M": 12.19 }, "geometry": { "type": "LineString", "coordinates": [ [ -71.222070468729996, 48.308563907487184 ], [ -71.223321742315406, 48.30803169570423 ], [ -71.223931328269117, 48.307873051367061 ], [ -71.224470814330104, 48.307828946550288 ], [ -71.224989285517495, 48.307871689649176 ], [ -71.225337272208435, 48.308003867938517 ], [ -71.225669453329317, 48.308205590621235 ], [ -71.225901721713157, 48.308574608731611 ], [ -71.225820820203907, 48.308834149981706 ], [ -71.225681022311321, 48.308961659178635 ], [ -71.225120685973209, 48.309116137828212 ], [ -71.223884102177479, 48.30894907973984 ], [ -71.22310020688019, 48.308945121503349 ], [ -71.221374689186689, 48.309286099551116 ], [ -71.220578117023962, 48.309606321614957 ], [ -71.219256618141301, 48.310468660355284 ], [ -71.218410890007888, 48.310726160779325 ], [ -71.217914778955176, 48.310660856524031 ], [ -71.216817743533426, 48.310290182789842 ], [ -71.214265718601368, 48.309212958532115 ], [ -71.213482071546267, 48.308958562534137 ], [ -71.213690040243776, 48.308900586003084 ], [ -71.214243133765294, 48.309001226603264 ], [ -71.215397225925855, 48.309410805349764 ], [ -71.216885296181616, 48.309756636287005 ], [ -71.217724018339098, 48.309873779548532 ], [ -71.218778892713772, 48.309905641060006 ], [ -71.219282153899599, 48.309828932517298 ], [ -71.220111385555484, 48.309363200277303 ], [ -71.220701656078077, 48.309196473766988 ], [ -71.221168802418163, 48.308886252787488 ], [ -71.222070468729996, 48.308563907487184 ] ] } },
{ "type": "Feature", "properties": { "PROFONDEUR_M": 6.1 }, "geometry": { "type": "LineString", "coordinates": [ [ -71.484124825022064, 48.376617059960793 ], [ -71.484150203631486, 48.376509623921343 ], [ -71.483951267790772, 48.376502786666123 ], [ -71.483944373221789, 48.376595532470503 ], [ -71.484124825022064, 48.376617059960793 ] ] } },
{ "type": "Feature", "properties": { "PROFONDEUR_M": 3.05 }, "geometry": { "type": "LineString", "coordinates": [ [ -71.29148789082069, 48.331489992640641 ], [ -71.292570382520267, 48.331472064718341 ], [ -71.293031830412502, 48.331547167545502 ], [ -71.293348326160526, 48.331688192108196 ], [ -71.293949385582081, 48.332251908497987 ], [ -71.29409458722391, 48.332494813306653 ], [ -71.294237572272252, 48.333023723225821 ], [ -71.294267252827666, 48.333709219677253 ], [ -71.294084980041532, 48.334127462732859 ], [ -71.293620117114457, 48.334632834958427 ], [ -71.292907733082671, 48.335065079153786 ], [ -71.292684161889369, 48.335322548289646 ], [ -71.29249185370837, 48.336896592617599 ], [ -71.292075619730113, 48.337685484993905 ], [ -71.29142691458631, 48.338272818533817 ], [ -71.290993911193624, 48.338536865169438 ], [ -71.290362764821168, 48.338784438488659 ], [ -71.289952164041139, 48.338757353402265 ], [ -71.28894797796741, 48.338343708394511 ], [ -71.28822617508051, 48.33762590234754 ], [ -71.28804712632612, 48.337305164800298 ], [ -71.287716188354409, 48.336241122917706 ], [ -71.287110889498777, 48.335608372904751 ], [ -71.287003084197124, 48.33518741442267 ], [ -71.287235377857513, 48.334988435547885 ], [ -71.288677388539909, 48.334543095120644 ], [ -71.288770830847128, 48.334374294109224 ], [ -71.28866642214129, 48.333389399568702 ], [ -71.288942713780443, 48.333194467167104 ], [ -71.289828041499362, 48.332968513338109 ], [ -71.289934215962646, 48.332731661695618 ], [ -71.289862535849295, 48.332192859838585 ], [ -71.290221446525592, 48.331763328079077 ], [ -71.290691017896577, 48.331562573520308 ], [ -71.29148789082069, 48.331489992640641 ] ] } },
{ "type": "Feature", "properties": { "PROFONDEUR_M": 45.72 }, "geometry": { "type": "LineString", "coordinates": [ [ -71.342386232752261, 48.309324676781827 ], [ -71.344350568225124, 48.309981827778415 ], [ -71.347021270910446, 48.310578203009889 ], [ -71.347416419998197, 48.310756874760983 ], [ -71.347768159238186, 48.311102797659352 ], [ -71.348569075715943, 48.31164038872533 ], [ -71.349270644448936, 48.311862345277731 ], [ -71.350156847216866, 48.312005807843938 ], [ -71.35191487686761, 48.312018141718603 ], [ -71.355029745806902, 48.311693359898257 ], [ -71.355914804823243, 48.311516001434747 ], [ -71.357231824489986, 48.311012198128232 ], [ -71.357716783422831, 48.310954883891789 ], [ -71.360116736332103, 48.311167646957678 ], [ -71.361449093115453, 48.311113684965513 ], [ -71.362613882485675, 48.311188432527011 ], [ -71.364446104781322, 48.311590728271455 ], [ -71.365763077980546, 48.311727089942103 ], [ -71.367909193473594, 48.311666379807811 ], [ -71.370468525091042, 48.311722166412252 ], [ -71.376057803842912, 48.3125128104071 ], [ -71.376977909915141, 48.312815425919645 ], [ -71.378377209970807, 48.313780131425183 ], [ -71.378794518351242, 48.313985134110169 ], [ -71.380231713995329, 48.314438568900336 ], [ -71.380924665091911, 48.314542159137112 ], [ -71.383072229727318, 48.314576586193098 ], [ -71.384032234178505, 48.314743960300618 ], [ -71.384587457640905, 48.315069348941634 ], [ -71.386966292951186, 48.316991125501204 ], [ -71.388090853419882, 48.317613284018023 ], [ -71.388836126733651, 48.31790223232273 ], [ -71.39010693807279, 48.318038279440742 ], [ -71.391889682675867, 48.317602885393711 ], [ -71.393001524883331, 48.317658197129738 ], [ -71.393709880235434, 48.317772401070378 ], [ -71.394459473932002, 48.318191150457103 ], [ -71.395359418127455, 48.318484479030836 ], [ -71.397347592185426, 48.318717275713702 ], [ -71.398222775912103, 48.319106101222644 ], [ -71.399360415577519, 48.319957502160342 ], [ -71.400044827315071, 48.320668922730832 ], [ -71.400631985179984, 48.321142838466209 ], [ -71.401382034991116, 48.321516828042625 ], [ -71.403587491007883, 48.322050653383414 ], [ -71.405888953753617, 48.322314453145744 ], [ -71.406607044395699, 48.322608261121204 ], [ -71.406876093831812, 48.3228826687414 ], [ -71.406734457100455, 48.323141132565411 ], [ -71.40655384018514, 48.323255674634083 ], [ -71.405734225244416, 48.323464095580242 ], [ -71.401594303458012, 48.323064158682527 ], [ -71.398247209760981, 48.323071178154549 ], [ -71.395822914699067, 48.323361499420677 ], [ -71.389004003198423, 48.322447562299843 ], [ -71.386265897144398, 48.322396242839979 ], [ -71.385841549552083, 48.322283286204225 ], [ -71.385321374947864, 48.322024597457379 ], [ -71.384393599934313, 48.321091613826617 ], [ -71.383116966610174, 48.320030877538187 ], [ -71.381011752480461, 48.318936325802106 ], [ -71.379129981266772, 48.31703560313602 ], [ -71.378610433636965, 48.316624385350366 ], [ -71.377699128817468, 48.316106049521352 ], [ -71.377073210638954, 48.315892898440424 ], [ -71.372700098511956, 48.315715406831117 ], [ -71.369941483767718, 48.315739216893846 ], [ -71.367680867588192, 48.315359567320158 ], [ -71.365332058706272, 48.31516407844294 ], [ -71.363251237350312, 48.315360560045228 ], [ -71.360458842449304, 48.316066548179144 ], [ -71.359603127364039, 48.316355697069717 ], [ -71.35845959080244, 48.316522006041794 ], [ -71.356860723007188, 48.316594254652792 ], [ -71.35476257505448, 48.316377147687746 ], [ -71.352989900303726, 48.31606685740423 ], [ -71.35137908317752, 48.315978177141403 ], [ -71.34958865847095, 48.315518385295746 ], [ -71.348163682207357, 48.314985751124695 ], [ -71.346523815397774, 48.314606813724708 ], [ -71.344238330370175, 48.313370825223018 ], [ -71.343228326644564, 48.313139144603653 ], [ -71.342479644093558, 48.313100657145021 ], [ -71.341581963428467, 48.313174769669978 ], [ -71.340926163960035, 48.313387964825715 ], [ -71.339378373911629, 48.314135379883453 ], [ -71.338691585151849, 48.314268274736435 ], [ -71.338191735524958, 48.314230770272133 ], [ -71.336843156127685, 48.313858522018201 ], [ -71.333855040174967, 48.31329349642894 ], [ -71.33304203158707, 48.313021143630451 ], [ -71.331644449292327, 48.312381156386557 ], [ -71.328886230538359, 48.310327803093372 ], [ -71.326899329337863, 48.30961504648625 ], [ -71.326153240127425, 48.309607408510104 ], [ -71.325045164929435, 48.309812385622017 ], [ -71.324425535768114, 48.310041381098706 ], [ -71.323368669531405, 48.310170997124317 ], [ -71.318478826457735, 48.309764971838824 ], [ -71.316548430656496, 48.309677709105273 ], [ -71.313983321165651, 48.309421868613342 ], [ -71.312274800691753, 48.309390864617065 ], [ -71.311218795314204, 48.309456409996763 ], [ -71.309915981173688, 48.309349038536809 ], [ -71.308917779148715, 48.309160496371149 ], [ -71.306240530068251, 48.308058138170175 ], [ -71.305017698522363, 48.307384391731048 ], [ -71.304518302027617, 48.306974929312169 ], [ -71.304441892104464, 48.306806920843485 ], [ -71.304543485990578, 48.306618307705229 ], [ -71.305146941029591, 48.30630024157356 ], [ -71.306215384375705, 48.305987283982361 ], [ -71.306961724795173, 48.305891005615273 ], [ -71.309970589228655, 48.305947288556965 ], [ -71.313266690907028, 48.305778505537653 ], [ -71.31567504710965, 48.305963959562021 ], [ -71.316781291394804, 48.305817483126503 ], [ -71.318799172162414, 48.305721666803571 ], [ -71.320244113173231, 48.305444754276387 ], [ -71.320772842784521, 48.305469968056627 ], [ -71.321555285297705, 48.305652561447225 ], [ -71.323386279649696, 48.305377520765617 ], [ -71.3241348563092, 48.305394529795073 ], [ -71.325812179638561, 48.305722264551825 ], [ -71.327051260233432, 48.306127651177839 ], [ -71.328990812352473, 48.307514352220814 ], [ -71.332767793076016, 48.308962057899336 ], [ -71.333532835106951, 48.309032070630842 ], [ -71.334644451990755, 48.308967837868877 ], [ -71.336119510501831, 48.308789311347191 ], [ -71.337311137988351, 48.308548484986538 ], [ -71.338309143953552, 48.308519490149109 ], [ -71.33927426008367, 48.308611730668417 ], [ -71.341548509385333, 48.309075503898008 ], [ -71.342386232752261, 48.309324676781827 ] ] } },
{ "type": "Feature", "properties": { "PROFONDEUR_M": 36.58 }, "geometry": { "type": "LineString", "coordinates": [ [ -71.224310698373955, 48.294114168144873 ], [ -71.229604871696566, 48.294521119493609 ], [ -71.230309627752391, 48.294351514322067 ], [ -71.231617203647687, 48.29379290728891 ], [ -71.232155175740687, 48.293744828779275 ], [ -71.23348448359107, 48.294162019773509 ], [ -71.234202782836093, 48.294655269540435 ], [ -71.23466631576818, 48.295124533205403 ], [ -71.234970831749834, 48.295592933917192 ], [ -71.235019799133028, 48.295950883644771 ], [ -71.234921853530963, 48.296392110335525 ], [ -71.234748406165167, 48.296661048761038 ], [ -71.234509222131123, 48.296920131044239 ], [ -71.23358004097679, 48.297552907645823 ], [ -71.232170380131848, 48.298058101347493 ], [ -71.231198603054366, 48.29814948736535 ], [ -71.230091837999851, 48.298006153078589 ], [ -71.227866405769973, 48.297381421589726 ], [ -71.22495759162814, 48.295938027621958 ], [ -71.223955664904835, 48.295320317272562 ], [ -71.222699734611453, 48.294772557030406 ], [ -71.221563385044107, 48.294632209725592 ], [ -71.219823655819056, 48.29466563207513 ], [ -71.217987937575458, 48.294830430943229 ], [ -71.216044527714089, 48.294671712665263 ], [ -71.215624018696474, 48.294559269418244 ], [ -71.215176962581552, 48.294300222730861 ], [ -71.214370811328706, 48.29344646785021 ], [ -71.214808366216019, 48.293329306192021 ], [ -71.216640752114543, 48.293276688961015 ], [ -71.224310698373955, 48.294114168144873 ] ] } },
{ "type": "Feature", "properties": { "PROFONDEUR_M": 3.05 }, "geometry": { "type": "LineString", "coordinates": [ [ -71.211152867699326, 48.310310991340423 ], [ -71.212470806750758, 48.310063031043711 ], [ -71.213267133934792, 48.310474881553361 ], [ -71.213828101831751, 48.310646149690299 ], [ -71.214508893395518, 48.31065078438052 ], [ -71.215145180415163, 48.310550710409544 ], [ -71.215583780198116, 48.310622887161969 ], [ -71.215682450537898, 48.310758517902805 ], [ -71.215656760325814, 48.310996962085085 ], [ -71.214998448394311, 48.311789592216805 ], [ -71.215009989846521, 48.31194121270839 ], [ -71.215313488377618, 48.312025507558303 ], [ -71.215737888063259, 48.311895846328134 ], [ -71.215987041662274, 48.312005591805303 ], [ -71.216157064768083, 48.312372940680554 ], [ -71.216014504021743, 48.312989258127828 ], [ -71.21615998634968, 48.313200957293866 ], [ -71.218643720153267, 48.313512375844397 ], [ -71.218744997761675, 48.313620927564635 ], [ -71.218765369876849, 48.31388317651966 ], [ -71.218522558317304, 48.314376959510753 ], [ -71.218547650263716, 48.314787073944878 ], [ -71.21878796005258, 48.315031010603761 ], [ -71.219329340686173, 48.315108312962593 ], [ -71.219748211394233, 48.314997627874 ], [ -71.22063382305025, 48.314569534313449 ], [ -71.222181131513537, 48.313679820210481 ], [ -71.224286050527184, 48.312913598511116 ], [ -71.225007888216425, 48.312553983907492 ], [ -71.227286065266426, 48.310046342351889 ], [ -71.228110446021958, 48.309233083713572 ], [ -71.228837098645144, 48.308756219299909 ], [ -71.229764387165901, 48.307527343845344 ], [ -71.231018698965016, 48.306787215297369 ], [ -71.232278962291048, 48.306368779388634 ], [ -71.232872812084153, 48.306293089221313 ], [ -71.233380229188882, 48.306326596715259 ], [ -71.233862834121766, 48.306598120648133 ], [ -71.234554996339327, 48.307279694335776 ], [ -71.235773966750727, 48.308148139286182 ], [ -71.236271413480395, 48.308663921344703 ], [ -71.23635533362183, 48.30886763606869 ], [ -71.23609358412061, 48.309644146500688 ], [ -71.236243598618344, 48.310535970704116 ], [ -71.236155576885267, 48.310890290213699 ], [ -71.235568557034824, 48.311781357996452 ], [ -71.235427469495718, 48.31213075493006 ], [ -71.235174742630591, 48.313678949261231 ], [ -71.235253356290528, 48.313940024407728 ], [ -71.235606989151989, 48.314041823783214 ], [ -71.235901496081908, 48.313703922789593 ], [ -71.236427504589997, 48.3135979753852 ], [ -71.236886693802461, 48.313621142769961 ], [ -71.237366037166126, 48.313789009540038 ], [ -71.23866234649077, 48.314672526479086 ], [ -71.239321144331143, 48.315318179462544 ], [ -71.240277293264626, 48.315572649216236 ], [ -71.241260044288055, 48.316174923724148 ], [ -71.242066693997387, 48.316830014734272 ], [ -71.242187000061833, 48.317054611592397 ], [ -71.242190145747387, 48.317354893291316 ], [ -71.241770573660688, 48.317605189528152 ], [ -71.241221747252425, 48.317774810095251 ], [ -71.241165123686699, 48.317844027306123 ], [ -71.241240062966114, 48.317928265616288 ], [ -71.241742910526597, 48.318057325752463 ], [ -71.243597752754155, 48.31807904836306 ], [ -71.244476702084938, 48.3185255076556 ], [ -71.245205536032046, 48.319336908686715 ], [ -71.246260770003431, 48.320813994419957 ], [ -71.246269536682988, 48.320967448856607 ], [ -71.246007147715588, 48.321126800326617 ], [ -71.245990349693272, 48.321246085460437 ], [ -71.246885829141803, 48.322065756004932 ], [ -71.247921880119648, 48.323465611018541 ], [ -71.248155691950075, 48.324001450112 ], [ -71.248706032580102, 48.32427617565147 ], [ -71.251115533432767, 48.324730719014504 ], [ -71.25253691450655, 48.325456882303797 ], [ -71.252935681265868, 48.325779988318139 ], [ -71.253210469677626, 48.326223933757333 ], [ -71.252937522950702, 48.327299477181803 ], [ -71.253555144208264, 48.327811540122056 ], [ -71.253822909073406, 48.328152123374366 ], [ -71.25410269022376, 48.328710945723813 ], [ -71.255209544379866, 48.329456486152509 ], [ -71.2567530982965, 48.329808853730903 ], [ -71.257965139374363, 48.330350607808818 ], [ -71.258175161592206, 48.330772910031797 ], [ -71.258427032497181, 48.331674966934983 ], [ -71.259005477135787, 48.332517015347833 ], [ -71.259092425739553, 48.333311129532461 ], [ -71.25980724877671, 48.333701652456384 ], [ -71.260126519676064, 48.334398417962412 ], [ -71.260848269156696, 48.334681548175347 ], [ -71.26100054839398, 48.335202196898237 ], [ -71.26174515309495, 48.335355243659748 ], [ -71.262104474949325, 48.335611763694928 ], [ -71.262234770325165, 48.335861876737795 ], [ -71.26242538972906, 48.336840966112355 ], [ -71.262657277266271, 48.337470279689029 ], [ -71.262857147219364, 48.337624580840746 ], [ -71.264036066389465, 48.338074912957609 ], [ -71.265206990994699, 48.339170268361691 ], [ -71.265604968479906, 48.339779811457248 ], [ -71.265615744635994, 48.340177618943876 ], [ -71.265338492812631, 48.340813974829331 ], [ -71.264397258652124, 48.341383050878633 ], [ -71.264354611475497, 48.341605921141621 ], [ -71.264551509614762, 48.342054402707454 ], [ -71.264486235537831, 48.34225238523932 ], [ -71.263236443040782, 48.342646609595121 ], [ -71.262857247156234, 48.34280035299448 ], [ -71.262713051960915, 48.342952531327228 ], [ -71.262790542726819, 48.343343072144094 ], [ -71.262592648398936, 48.343544278800934 ], [ -71.262543365260655, 48.343733412380942 ], [ -71.262960742206047, 48.344172297247354 ], [ -71.263421385432181, 48.345640349640703 ], [ -71.262993842183178, 48.34623844987361 ], [ -71.261924493341738, 48.347235510160907 ], [ -71.261505955843504, 48.347846894692509 ], [ -71.261342307712525, 48.348318659218471 ], [ -71.261256691920138, 48.349064244923973 ], [ -71.260666261591453, 48.349851027323936 ], [ -71.260626391950908, 48.350766961652567 ], [ -71.260457401528001, 48.351252941868687 ], [ -71.260184565463391, 48.351479953632754 ], [ -71.259630205491661, 48.351658399230338 ], [ -71.258441781079824, 48.351730893997654 ], [ -71.257679250405118, 48.351667068819182 ], [ -71.255844353884896, 48.352822139742401 ], [ -71.255158745863937, 48.353114119533522 ], [ -71.254714086756394, 48.353479970586108 ], [ -71.253701270445902, 48.35384613774908 ], [ -71.253532073256281, 48.354002386741548 ], [ -71.25352967041033, 48.354167552329038 ], [ -71.253746693235186, 48.354304363334215 ], [ -71.254732331856886, 48.354439574929167 ], [ -71.256217896454103, 48.354163742004495 ], [ -71.257356236830503, 48.353699134369727 ], [ -71.257953525741115, 48.353612741071366 ], [ -71.258616686564181, 48.353399047729283 ], [ -71.259605092444332, 48.353403967426175 ], [ -71.260065599694585, 48.353679401857164 ], [ -71.260283493645744, 48.354233387425964 ], [ -71.26105508593993, 48.35477410993964 ], [ -71.261078890429985, 48.354937864883937 ], [ -71.260844020698215, 48.355483589918514 ], [ -71.260875263264111, 48.355712080938829 ], [ -71.26121587375674, 48.356172333561112 ], [ -71.261749903795774, 48.35668975060328 ], [ -71.262968464317581, 48.357168439288323 ], [ -71.263864646557465, 48.357858258983441 ], [ -71.265249062271323, 48.358237337509074 ], [ -71.265878376392394, 48.358497743679102 ], [ -71.267432544209711, 48.359935238135172 ], [ -71.267986904433144, 48.360063490382004 ], [ -71.269079471248858, 48.360046161335433 ], [ -71.269855682513622, 48.360277264260191 ], [ -71.269989338210834, 48.360223686594132 ], [ -71.269965934755874, 48.360092255196754 ], [ -71.269165912123015, 48.359768082458785 ], [ -71.268846567627747, 48.359532181636304 ], [ -71.268718036214651, 48.358740013578426 ], [ -71.267778539532543, 48.357841670013912 ], [ -71.267597863709526, 48.357469199339086 ], [ -71.267489115958568, 48.356515632940209 ], [ -71.267616409768252, 48.356137212346837 ], [ -71.267964250194325, 48.355743078639364 ], [ -71.269596955383946, 48.354731165892282 ], [ -71.269993878344067, 48.354576700388485 ], [ -71.270698109498483, 48.354572071210313 ], [ -71.271157622544465, 48.354740642798575 ], [ -71.271460855062188, 48.355018313659961 ], [ -71.271886711841077, 48.355718482379217 ], [ -71.272283960430883, 48.357157426881507 ], [ -71.27218838552497, 48.358644971100986 ], [ -71.272280057085098, 48.358852627516306 ], [ -71.272427274024821, 48.358908650614467 ], [ -71.273275873518656, 48.358791793529548 ], [ -71.274309869857348, 48.358791871314793 ], [ -71.274571684981382, 48.358990237222351 ], [ -71.274758870757466, 48.359324140043853 ], [ -71.275039808571819, 48.359365654539793 ], [ -71.27529463857455, 48.35922996994308 ], [ -71.275435894477113, 48.358687889448632 ], [ -71.275779938220779, 48.358127871829346 ], [ -71.276205240636031, 48.357873798496563 ], [ -71.276537491702584, 48.357853067381377 ], [ -71.276927773220194, 48.358103021280371 ], [ -71.276859326023896, 48.359309691529837 ], [ -71.276991287958296, 48.359413918317991 ], [ -71.277303445907449, 48.35947320695275 ], [ -71.277751328737949, 48.359351619667095 ], [ -71.278033634000622, 48.358705972701941 ], [ -71.278360948407467, 48.358291318687435 ], [ -71.278667781136207, 48.357055295970611 ], [ -71.27836326542814, 48.356654355759488 ], [ -71.277746864940099, 48.356372750772259 ], [ -71.277274590619456, 48.35635041527145 ], [ -71.276737726895092, 48.356553712656691 ], [ -71.276296785173997, 48.356537849011225 ], [ -71.276055915472327, 48.356159417898652 ], [ -71.275779617675326, 48.355959829902673 ], [ -71.275724473068294, 48.355749636383997 ], [ -71.275853521462636, 48.355490436857998 ], [ -71.276122447567744, 48.355358679787514 ], [ -71.276848211790153, 48.355528409391219 ], [ -71.27714811754204, 48.355515836002553 ], [ -71.277496787457835, 48.354850213247531 ], [ -71.27793821281773, 48.354541626178182 ], [ -71.278573753451823, 48.354445146891443 ], [ -71.279109350004475, 48.354519953045099 ], [ -71.279712366858277, 48.354910512536087 ], [ -71.280147068360208, 48.355299872314774 ], [ -71.280395092985273, 48.355333085405391 ], [ -71.280560719270014, 48.355155424703668 ], [ -71.280709404976477, 48.35447488428516 ], [ -71.280884440001032, 48.354248875358749 ], [ -71.281509654196711, 48.353871516779591 ], [ -71.282771054601454, 48.353703926852482 ], [ -71.282865612012117, 48.353598957570739 ], [ -71.28295766032538, 48.353166706784933 ], [ -71.283073663440845, 48.353052851493061 ], [ -71.283517966402243, 48.352846788119876 ], [ -71.283955549508036, 48.35276214665074 ], [ -71.285000141869062, 48.352987299775222 ], [ -71.28624048636415, 48.353852116799359 ], [ -71.288124949563581, 48.354663739468776 ], [ -71.288598406789205, 48.354698404905108 ], [ -71.288984494991865, 48.354561972491673 ], [ -71.289026835844737, 48.354336665212188 ], [ -71.28880875001974, 48.353960887997189 ], [ -71.288067018917744, 48.353002649888232 ], [ -71.287663689902232, 48.352697869896517 ], [ -71.286706030219705, 48.352478970203677 ], [ -71.28505643090584, 48.352402324874944 ], [ -71.284797201995985, 48.352309587832004 ], [ -71.284522260317146, 48.352051179312689 ], [ -71.284432191677254, 48.351747949616623 ], [ -71.284483975827428, 48.351518850894387 ], [ -71.285346858514046, 48.350213583669763 ], [ -71.285454050183503, 48.349817456204157 ], [ -71.285319352804677, 48.349294411086078 ], [ -71.284790954960584, 48.348379394000375 ], [ -71.284705175786499, 48.347928911535355 ], [ -71.284832597312473, 48.347484420929867 ], [ -71.285117545350829, 48.347206601797247 ], [ -71.285894758020689, 48.346787458933186 ], [ -71.287557631169832, 48.346368366769759 ], [ -71.288144170720301, 48.345939064724156 ], [ -71.288339190969438, 48.34542422090847 ], [ -71.288169659978408, 48.344206367289992 ], [ -71.288323609496885, 48.343523753008768 ], [ -71.288678131032285, 48.343298536367101 ], [ -71.289886664404378, 48.343174215445359 ], [ -71.290311672765341, 48.342955016427659 ], [ -71.290438321437662, 48.34228937995703 ], [ -71.290983475239415, 48.34063319038566 ], [ -71.290976463384581, 48.339737335371524 ], [ -71.29104342643393, 48.339439736656175 ], [ -71.291372770537137, 48.339253358611039 ], [ -71.29274032440803, 48.338956352725774 ], [ -71.29326285689811, 48.338595170537026 ], [ -71.293452314962508, 48.338288803636964 ], [ -71.293432452983296, 48.337486531194216 ], [ -71.293754856380886, 48.336469519995163 ], [ -71.294119605886138, 48.336071438447405 ], [ -71.296217687683438, 48.334321543666853 ], [ -71.297034903976183, 48.333241801040927 ], [ -71.297406135276432, 48.332912959040826 ], [ -71.298460578706582, 48.332450440837746 ], [ -71.299453355743168, 48.332386975878499 ], [ -71.300830640069393, 48.332497300018943 ], [ -71.303505191111498, 48.333168257090222 ], [ -71.303808076457301, 48.333150550706684 ], [ -71.303996714338908, 48.333014724899137 ], [ -71.30404881212516, 48.332755122667798 ], [ -71.303808578130543, 48.33260710916452 ], [ -71.303140383919398, 48.332532000643177 ], [ -71.302255585897584, 48.33255769621546 ], [ -71.30134361721214, 48.33203817636754 ], [ -71.300004563636747, 48.331979359614984 ], [ -71.299767802841032, 48.331897906839515 ], [ -71.29956700236346, 48.331715896636389 ], [ -71.299533213661974, 48.331508599575486 ], [ -71.299632658098261, 48.331258411232199 ], [ -71.300044083914713, 48.330738800250444 ], [ -71.29996684105862, 48.330496176980219 ], [ -71.299784806177769, 48.33033619226287 ], [ -71.299249867609717, 48.330276502239023 ], [ -71.297511428830902, 48.330456025733959 ], [ -71.296334421075287, 48.330481477852395 ], [ -71.294447284562892, 48.330245364996578 ], [ -71.293827571881792, 48.330033770876838 ], [ -71.292321358125506, 48.329178721003593 ], [ -71.291251720146164, 48.328267676990365 ], [ -71.290136076657973, 48.326880756189617 ], [ -71.290029993336134, 48.326642641274432 ], [ -71.290177424348371, 48.325932769372933 ], [ -71.290919570404441, 48.324325246364893 ], [ -71.290989412088763, 48.323857459875228 ], [ -71.290831017584793, 48.3237078317174 ], [ -71.290637131161773, 48.323665835290683 ], [ -71.289578876692516, 48.323872449749722 ], [ -71.2888336556437, 48.323740332633946 ], [ -71.288792223330276, 48.323548770897808 ], [ -71.288915705963461, 48.323125469550469 ], [ -71.289259014495386, 48.322493935898507 ], [ -71.289285226789559, 48.32227804331437 ], [ -71.289159015002269, 48.322044401516514 ], [ -71.288653331235011, 48.321613171837051 ], [ -71.288304528487132, 48.321044726843411 ], [ -71.288350480545844, 48.320747066436901 ], [ -71.288568669223892, 48.320542993431374 ], [ -71.289099138494606, 48.320386926674466 ], [ -71.290061239522373, 48.320322624309703 ], [ -71.290565467362271, 48.320190927072325 ], [ -71.291212445874791, 48.319771785243425 ], [ -71.291469932150022, 48.319460866358675 ], [ -71.291541539545022, 48.319152725505297 ], [ -71.291371915770299, 48.31815889746435 ], [ -71.290792031454231, 48.317244723649097 ], [ -71.290793332369006, 48.316640265060201 ], [ -71.291027281468672, 48.316179025797226 ], [ -71.291431899448398, 48.315785741328632 ], [ -71.292116033495063, 48.314768322082408 ], [ -71.292377643963547, 48.314518798758506 ], [ -71.293359142309271, 48.31386213879221 ], [ -71.294190637455102, 48.313615240721276 ], [ -71.295038741519036, 48.313578731642664 ], [ -71.296171785753387, 48.3137735210626 ], [ -71.297010944367386, 48.313696734135412 ], [ -71.29905328244557, 48.312778389196559 ], [ -71.300390325827181, 48.312411941035052 ], [ -71.301185749760236, 48.311976814209878 ] ] } },
{ "type": "Feature", "properties": { "PROFONDEUR_M": 6.1 }, "geometry": { "type": "LineString", "coordinates": [ [ -71.405166626751111, 48.342282415064496 ], [ -71.405538339071015, 48.342770080724065 ], [ -71.405597886677782, 48.343030259558397 ], [ -71.405424444296685, 48.343621546777193 ], [ -71.405149140205779, 48.343812502233739 ], [ -71.403784899043799, 48.343555272026151 ], [ -71.402381175808671, 48.343112755703551 ], [ -71.401509211679723, 48.342482956768521 ], [ -71.400421979940475, 48.342127315948197 ], [ -71.400258767426948, 48.341961455261618 ], [ -71.400225030211544, 48.341777299231495 ], [ -71.40032235737074, 48.341558945427686 ], [ -71.400646984170223, 48.341335675100545 ], [ -71.401513313001473, 48.34128727918965 ], [ -71.402835166909583, 48.341676385286185 ], [ -71.404342823944575, 48.341754708878781 ], [ -71.404701993189832, 48.341921499061996 ], [ -71.405166626751111, 48.342282415064496 ] ] } },
{ "type": "Feature", "properties": { "PROFONDEUR_M": 73.15 }, "geometry": { "type": "LineString", "coordinates": [ [ -71.320117979668424, 48.306178742012591 ], [ -71.322282375254872, 48.306180702767513 ], [ -71.324223634357551, 48.3063033332404 ], [ -71.324865596427557, 48.306412427334664 ], [ -71.326584548534342, 48.307157043340702 ], [ -71.327146207674659, 48.307628291488847 ], [ -71.327296297373991, 48.30794884863132 ], [ -71.327170963697995, 48.308110880895953 ], [ -71.324437525339093, 48.309352138666547 ], [ -71.322806537201629, 48.309712645644865 ], [ -71.321565493834896, 48.309792088602805 ], [ -71.317429701332358, 48.309443077771427 ], [ -71.312505001746246, 48.308762834233953 ], [ -71.310892596825411, 48.308289053238653 ], [ -71.3087905012368, 48.307296268430967 ], [ -71.308529465241492, 48.307012738603724 ], [ -71.308559382056529, 48.306849763368341 ], [ -71.309040274082093, 48.306728630300945 ], [ -71.310848150803963, 48.306604343638135 ], [ -71.313445533516358, 48.306537041686376 ], [ -71.314549288507777, 48.30658193818627 ], [ -71.318135729843874, 48.306070958288252 ], [ -71.320117979668424, 48.306178742012591 ] ] } },
{ "type": "Feature", "properties": { "PROFONDEUR_M": 1.52 }, "geometry": { "type": "LineString", "coordinates": [ [ -71.418956167876175, 48.346609247825377 ], [ -71.419941340729935, 48.346757621919863 ], [ -71.42052163633663, 48.347091834135774 ], [ -71.42084216053982, 48.34758413955003 ], [ -71.42068839148267, 48.348145783246956 ], [ -71.420332242730979, 48.348351565188828 ], [ -71.41982721688268, 48.348363614388994 ], [ -71.417692301116489, 48.348144851056055 ], [ -71.414511624501813, 48.347993894951202 ], [ -71.413462143197492, 48.347718487627112 ], [ -71.413233210000925, 48.347580380587324 ], [ -71.413172121097958, 48.347400407997704 ], [ -71.413229200807663, 48.347005161242727 ], [ -71.413427314091351, 48.346568010719928 ], [ -71.413612603733839, 48.346435394201009 ], [ -71.414208770574291, 48.34626971429666 ], [ -71.414578912732296, 48.346265689340456 ], [ -71.416402269901667, 48.346549235578713 ], [ -71.418956167876175, 48.346609247825377 ] ] } },
{ "type": "Feature", "properties": { "PROFONDEUR_M": 9.14 }, "geometry": { "type": "LineString", "coordinates": [ [ -71.2867673666494, 48.342073556853748 ], [ -71.287147812937064, 48.341717792733974 ], [ -71.287310309493705, 48.341458189462394 ], [ -71.287503142985926, 48.340856044438269 ], [ -71.287717534449527, 48.340725761392036 ], [ -71.288241646381053, 48.340738906591014 ], [ -71.288659185651753, 48.340949188563954 ], [ -71.289016296778527, 48.341733347730589 ], [ -71.288950881850482, 48.342139905856136 ], [ -71.288607578117947, 48.342528790683033 ], [ -71.28723473681319, 48.34320892173222 ], [ -71.286260238423012, 48.344246843680374 ], [ -71.285420521146932, 48.344660601426938 ], [ -71.284646897641522, 48.345254283748375 ], [ -71.283812993657406, 48.346210810143717 ], [ -71.282727030685137, 48.346820474031141 ], [ -71.281589632805037, 48.347304070527024 ], [ -71.280922463368086, 48.347474291896653 ], [ -71.278384855925822, 48.347699370375992 ], [ -71.276487435038661, 48.348046800277771 ], [ -71.276066012154942, 48.34803532503485 ], [ -71.27596278567438, 48.347948882104212 ], [ -71.27607121508693, 48.347659541442567 ], [ -71.276622829519397, 48.347393824400029 ], [ -71.281790961467649, 48.345529315145917 ], [ -71.284068141061368, 48.344806558710786 ], [ -71.284389151574459, 48.344482035988335 ], [ -71.28470760227377, 48.343709198970785 ], [ -71.285024199321612, 48.3432443136129 ], [ -71.28634785369195, 48.342446794625317 ], [ -71.2867673666494, 48.342073556853748 ] ] } },
{ "type": "Feature", "properties": { "PROFONDEUR_M": 6.1 }, "geometry": { "type": "LineString", "coordinates": [ [ -71.447731806382762, 48.35241617306351 ], [ -71.445448516991675, 48.35191377771438 ], [ -71.44488459214837, 48.351706980622382 ], [ -71.44420670420952, 48.351304174802983 ], [ -71.443912365969751, 48.35087655314922 ], [ -71.443814074141486, 48.350072067685325 ], [ -71.443900057649287, 48.349351143152248 ], [ -71.444059078044674, 48.348990958643654 ], [ -71.444293881038959, 48.348855098991443 ], [ -71.444582697074964, 48.348831925759626 ], [ -71.445278415955613, 48.34908465909745 ], [ -71.446725000992544, 48.350147548089488 ], [ -71.447544869716225, 48.35055581610451 ], [ -71.448591094895107, 48.351288829328844 ], [ -71.449791315279285, 48.352421744282523 ] ] } },
{ "type": "Feature", "properties": { "PROFONDEUR_M": 73.15 }, "geometry": { "type": "LineString", "coordinates": [ [ -71.359236361130613, 48.311678360392349 ], [ -71.361525246416392, 48.311749724304235 ], [ -71.364112108983178, 48.312224711534377 ], [ -71.366845294196636, 48.312518981283461 ], [ -71.369452902390151, 48.312594013164542 ], [ -71.371046495087555, 48.312732817252943 ], [ -71.375073099718506, 48.313394810911937 ], [ -71.377104927475557, 48.314027702359773 ], [ -71.37760168239582, 48.314356362331793 ], [ -71.377766301712995, 48.314744211453096 ], [ -71.377676207159865, 48.314881135874515 ], [ -71.37742689616735, 48.314984421735758 ], [ -71.376697665980672, 48.315053189539015 ], [ -71.374184459687214, 48.314843060528865 ], [ -71.370799886216403, 48.314881901657103 ], [ -71.36588002707731, 48.314151306334388 ], [ -71.363728200315364, 48.313962541206465 ], [ -71.360805686044614, 48.314246212123948 ], [ -71.358337293181961, 48.314948052451761 ], [ -71.356758396791136, 48.315184277388987 ], [ -71.35254327271474, 48.314873328387655 ], [ -71.351275958537698, 48.314447430275969 ], [ -71.350815943368417, 48.31420767726469 ], [ -71.350646830711241, 48.313985927813455 ], [ -71.350681073679695, 48.313875070014213 ], [ -71.350866813642412, 48.313780096571534 ], [ -71.353195810688689, 48.313390439925023 ], [ -71.353968409446637, 48.313192995849839 ], [ -71.354542755290694, 48.312976142698709 ], [ -71.355640606064128, 48.312315113571628 ], [ -71.357474148934287, 48.311735504762687 ], [ -71.35833370412476, 48.311642441648068 ], [ -71.359236361130613, 48.311678360392349 ] ] } },
{ "type": "Feature", "properties": { "PROFONDEUR_M": 3.05 }, "geometry": { "type": "LineString", "coordinates": [ [ -71.277750982851629, 48.343269268609092 ], [ -71.278913362662905, 48.343387197246301 ], [ -71.279996837796261, 48.343601738173476 ], [ -71.280680459457272, 48.34433420386064 ], [ -71.280763349237091, 48.344540627825047 ], [ -71.280763053417502, 48.344903129055638 ], [ -71.280602198280874, 48.345014682601068 ], [ -71.28021853182814, 48.345052011976826 ], [ -71.279837390916967, 48.344956225183623 ], [ -71.279283944964646, 48.344648709061318 ], [ -71.278832629152646, 48.344599740614726 ], [ -71.278443007911548, 48.344676574221744 ], [ -71.277783086090821, 48.345151943829016 ], [ -71.276862511443994, 48.345287532995719 ], [ -71.27634610927025, 48.345542790635221 ], [ -71.275918020689815, 48.346315713801012 ], [ -71.275579819432537, 48.346567049371842 ], [ -71.275027426274647, 48.346744835116233 ], [ -71.274437422777311, 48.346788952637588 ], [ -71.273846263013709, 48.346683429985539 ], [ -71.273312006739474, 48.346466923580891 ], [ -71.273018992628081, 48.346191732246936 ], [ -71.2730271610166, 48.345784743921634 ], [ -71.273237362472571, 48.345445476004521 ], [ -71.274434304872443, 48.345159714730691 ], [ -71.275075386460614, 48.34478400624603 ], [ -71.275202368060633, 48.344592779808615 ], [ -71.275415843932791, 48.343891583079973 ], [ -71.275697980525806, 48.343626928286369 ], [ -71.276659976482421, 48.343263372529684 ], [ -71.277750982851629, 48.343269268609092 ] ] } },
{ "type": "Feature", "properties": { "PROFONDEUR_M": 7.62 }, "geometry": { "type": "LineString", "coordinates": [ [ -71.45311514220991, 48.354676099743138 ], [ -71.453144016472251, 48.354572857528893 ], [ -71.452971585157556, 48.354567788405753 ], [ -71.452958020759027, 48.354657686049286 ], [ -71.45311514220991, 48.354676099743138 ] ] } },
{ "type": "Feature", "properties": { "PROFONDEUR_M": 3.05 }, "geometry": { "type": "LineString", "coordinates": [ [ -71.28599359943523, 48.311156875378032 ], [ -71.286290674059316, 48.311704913203442 ], [ -71.286354424988602, 48.312288630283277 ], [ -71.286214873393092, 48.312755638916812 ], [ -71.285867711428779, 48.313036262053046 ], [ -71.285532780533885, 48.313150903975767 ], [ -71.284882824131898, 48.313135582807078 ], [ -71.283712072160426, 48.312825690116817 ], [ -71.283420912991247, 48.312585997994326 ], [ -71.283393351366186, 48.312235281055003 ], [ -71.283663377011962, 48.31145643233814 ], [ -71.284062702865171, 48.310913331363551 ], [ -71.284325886390491, 48.310713404487927 ], [ -71.284816347062758, 48.310560352631782 ], [ -71.285283237034548, 48.31057538694634 ], [ -71.28599359943523, 48.311156875378032 ] ] } },
{ "type": "Feature", "properties": { "PROFONDEUR_M": 91.44 }, "geometry": { "type": "LineString", "coordinates": [ [ -71.319462739756858, 48.306654810822458 ], [ -71.32247950432486, 48.306582888764616 ], [ -71.323903421888815, 48.306665692462822 ], [ -71.324900068524386, 48.306890276235563 ], [ -71.325625300103425, 48.307580736895289 ], [ -71.325653140564484, 48.307767741215223 ], [ -71.325475857150352, 48.308059085341007 ], [ -71.324683259709531, 48.308595931677658 ], [ -71.323780328616962, 48.309000079564328 ], [ -71.322720889048085, 48.309252627596351 ], [ -71.319094210167748, 48.308816167461117 ], [ -71.316525060935888, 48.308627034389453 ], [ -71.314326250131501, 48.307761096217916 ], [ -71.314205989267009, 48.307618168330663 ], [ -71.314291717440227, 48.307491129393021 ], [ -71.31592516768923, 48.306930651206251 ], [ -71.319462739756858, 48.306654810822458 ] ] } },
{ "type": "Feature", "properties": { "PROFONDEUR_M": 3.05 }, "geometry": { "type": "LineString", "coordinates": [ [ -71.241553473581376, 48.314734129488613 ], [ -71.24226510707031, 48.315333349923364 ], [ -71.242215801388667, 48.315564260642844 ], [ -71.242063544711812, 48.315681899302547 ], [ -71.241706619438489, 48.315742926833082 ], [ -71.240972393463551, 48.315575225163109 ], [ -71.24043868784139, 48.315184623064681 ], [ -71.240285799383358, 48.314945827764362 ], [ -71.240362475461708, 48.314618993496893 ], [ -71.240705104271655, 48.314477540394222 ], [ -71.241135495354754, 48.314505927521104 ], [ -71.241553473581376, 48.314734129488613 ] ] } },
{ "type": "Feature", "properties": { "PROFONDEUR_M": 6.1 }, "geometry": { "type": "LineString", "coordinates": [ [ -71.286177663798014, 48.339835430079383 ], [ -71.286628790507962, 48.34046811722817 ], [ -71.286786116886447, 48.340900940393205 ], [ -71.286836264826519, 48.341219944417539 ], [ -71.286728669219599, 48.341676351964843 ], [ -71.286091608522227, 48.342232094260169 ], [ -71.284632557136703, 48.342936062476646 ], [ -71.284439257236556, 48.343151963101292 ], [ -71.284223626466215, 48.343895656268707 ], [ -71.28396413665692, 48.344166800795982 ], [ -71.283405974945751, 48.344308470949784 ], [ -71.282683000442873, 48.344194283239055 ], [ -71.282092078720595, 48.343671818650847 ], [ -71.280837013032126, 48.34221225421193 ], [ -71.280413340556038, 48.342074856851276 ], [ -71.279937391986024, 48.342168214234221 ], [ -71.279787761897325, 48.342389601412997 ], [ -71.27985548429217, 48.34261107870288 ], [ -71.281043980101046, 48.343627901552615 ], [ -71.281486563420899, 48.344269443582213 ], [ -71.28154046698991, 48.344494025850473 ], [ -71.28149141511706, 48.344659930322116 ], [ -71.281127048209754, 48.345026796450462 ], [ -71.280777581056967, 48.345220925360096 ], [ -71.280058091347883, 48.345431944346039 ], [ -71.278463902798691, 48.345541726248442 ], [ -71.277967152828467, 48.34564807752475 ], [ -71.277318063476002, 48.346000448393376 ], [ -71.276950822044327, 48.346333173959181 ], [ -71.276367188750967, 48.346671297149157 ], [ -71.27454048781172, 48.347435944838288 ], [ -71.27340683202614, 48.348293189794774 ], [ -71.272161353714736, 48.349492978212126 ], [ -71.271230468542043, 48.3500127982443 ], [ -71.269301727896263, 48.351421521063635 ], [ -71.268491321973684, 48.351849258357674 ], [ -71.267997761983381, 48.351880609070804 ], [ -71.267312037881837, 48.351725355897493 ], [ -71.267079666121418, 48.351592246186499 ], [ -71.266973572934035, 48.351120529201232 ], [ -71.267023498873698, 48.350607666773968 ], [ -71.267164236483822, 48.350170991153959 ], [ -71.267610174858433, 48.349466707182039 ], [ -71.268895380759133, 48.348080615014979 ], [ -71.270128886635746, 48.34724342536574 ], [ -71.271536688307393, 48.346502593950511 ], [ -71.272680321645709, 48.345414561302753 ], [ -71.274064224771294, 48.344487018655059 ], [ -71.275334619031938, 48.343408531362577 ], [ -71.275728846742524, 48.34261901292593 ], [ -71.27578686378564, 48.342313571129772 ], [ -71.275700548051731, 48.341576230016706 ], [ -71.27586297994749, 48.341187882087972 ], [ -71.276266832962733, 48.340824252004104 ], [ -71.276659688563413, 48.340597199208773 ], [ -71.27786773831329, 48.340126664092615 ], [ -71.278074331462818, 48.339711304350246 ], [ -71.278347254111893, 48.338438114826502 ], [ -71.278493671176449, 48.338221279459205 ], [ -71.278904593028216, 48.33790459625547 ], [ -71.279595955272399, 48.33766434909333 ], [ -71.28019896111411, 48.337571139011835 ], [ -71.281309481798857, 48.337702994058034 ], [ -71.281713588786772, 48.337950462320144 ], [ -71.282656018116526, 48.338826926546659 ], [ -71.283485028927714, 48.339026797453087 ], [ -71.284926539031915, 48.339041234286221 ], [ -71.285396521571428, 48.339129267602722 ], [ -71.285825006999374, 48.33936008744363 ], [ -71.286177663798014, 48.339835430079383 ] ] } },
{ "type": "Feature", "properties": { "PROFONDEUR_M": 6.1 }, "geometry": { "type": "LineString", "coordinates": [ [ -71.276399318816246, 48.349585190145746 ], [ -71.277165593174985, 48.349658903900639 ], [ -71.278163401714451, 48.349880581454492 ], [ -71.279211358721312, 48.350455330524809 ], [ -71.279565159893338, 48.351052943949178 ], [ -71.27961169310953, 48.35146978632639 ], [ -71.279443532033326, 48.351939005308893 ], [ -71.278988140193931, 48.352475127320481 ], [ -71.278712533762899, 48.352659916235666 ], [ -71.278173510285455, 48.35279877411417 ], [ -71.276810134900657, 48.352658154528626 ], [ -71.27621839493419, 48.352504909428063 ], [ -71.275338916185646, 48.352113847879302 ], [ -71.274937346891846, 48.35182433344584 ], [ -71.274560269761039, 48.351413114731002 ], [ -71.274329911590272, 48.350943277034162 ], [ -71.274293118067931, 48.350680514086427 ], [ -71.274353078927462, 48.35036451292428 ], [ -71.274507264991598, 48.350173219237831 ], [ -71.274857017438663, 48.349943446728105 ], [ -71.275442466605242, 48.349722347587722 ], [ -71.276399318816246, 48.349585190145746 ] ] } },
{ "type": "Feature", "properties": { "PROFONDEUR_M": 4.57 }, "geometry": { "type": "LineString", "coordinates": [ [ -71.49041984708694, 48.370635031865483 ], [ -71.490480893202459, 48.370473935359129 ], [ -71.490748763929318, 48.370515911253563 ], [ -71.490696723439001, 48.370670862718256 ], [ -71.49041984708694, 48.370635031865483 ] ] } },
{ "type": "Feature", "properties": { "PROFONDEUR_M": 82.3 }, "geometry": { "type": "LineString", "coordinates": [ [ -71.504498866255588, 48.34153683530343 ], [ -71.491629147359006, 48.340777540213622 ], [ -71.489472798557841, 48.340545385169833 ], [ -71.488389040110576, 48.340305369601147 ], [ -71.488283514362166, 48.340211690360306 ], [ -71.488357068055677, 48.34009853767629 ], [ -71.490833914223685, 48.338845396451539 ], [ -71.491983322540804, 48.338362454458014 ], [ -71.492814125406568, 48.338114506277577 ], [ -71.493609644279289, 48.337970958296644 ], [ -71.493991060412085, 48.337987316575237 ], [ -71.500338738241012, 48.339478892926969 ], [ -71.505668536943077, 48.340166362527896 ], [ -71.508379451714902, 48.340691582805967 ], [ -71.50897293994079, 48.340851749649794 ], [ -71.512950291954127, 48.342383337356047 ], [ -71.511634453119754, 48.34242382415119 ], [ -71.510590231567321, 48.342355477526581 ], [ -71.504498866255588, 48.34153683530343 ] ] } },
{ "type": "Feature", "properties": { "PROFONDEUR_M": 3.35 }, "geometry": { "type": "LineString", "coordinates": [ [ -71.474774228215978, 48.369799903294556 ], [ -71.474600307873246, 48.369765740908058 ], [ -71.474549155155785, 48.369852250014098 ], [ -71.474730986778894, 48.369898198643732 ], [ -71.474774228215978, 48.369799903294556 ] ] } },
{ "type": "Feature", "properties": { "PROFONDEUR_M": 6.1 }, "geometry": { "type": "LineString", "coordinates": [ [ -71.276824867464015, 48.332969132220981 ], [ -71.278670345705478, 48.33138731361251 ], [ -71.279574652576983, 48.33075285053657 ], [ -71.280345758432276, 48.33001518894222 ], [ -71.281388349580624, 48.328778340821785 ], [ -71.28188819738638, 48.328448745552265 ], [ -71.282660933435793, 48.328220548089739 ], [ -71.283430796889448, 48.328212964235078 ], [ -71.28422736006199, 48.328421834542695 ], [ -71.284549506782952, 48.328764667354129 ], [ -71.284572817566044, 48.329405066494239 ], [ -71.28437170167922, 48.329976213251072 ], [ -71.284119247910652, 48.330223368208152 ], [ -71.282737191217365, 48.331083718490007 ], [ -71.282084885340254, 48.33170868271187 ], [ -71.282025047616912, 48.332101222610348 ], [ -71.28220419006243, 48.333390888943654 ], [ -71.28213534096632, 48.333739579846409 ], [ -71.281946643891729, 48.334010399213177 ], [ -71.28126833941063, 48.334465477000677 ], [ -71.280669408343599, 48.33471137799166 ], [ -71.27928903901261, 48.334826111897094 ], [ -71.277415169936688, 48.334742635185385 ], [ -71.276942226176516, 48.334845580049077 ], [ -71.276306562904807, 48.335257160324161 ], [ -71.275915726839202, 48.335751560855115 ], [ -71.275607919425042, 48.33636337395501 ], [ -71.275521354019901, 48.336738018813939 ], [ -71.275774521348609, 48.337330447117679 ], [ -71.27573051029637, 48.337760380509742 ], [ -71.275567959439556, 48.337888335953508 ], [ -71.275231531337965, 48.337954935934107 ], [ -71.274188766053328, 48.33761612464108 ], [ -71.273957721215595, 48.337366642904371 ], [ -71.273915749248744, 48.336871354990102 ], [ -71.274023083275452, 48.336306848490622 ], [ -71.274502367568374, 48.335270797831413 ], [ -71.275744280542099, 48.333837013699608 ], [ -71.276824867464015, 48.332969132220981 ] ] } },
{ "type": "Feature", "properties": { "PROFONDEUR_M": 3.05 }, "geometry": { "type": "LineString", "coordinates": [ [ -71.442718939526856, 48.350362499725755 ], [ -71.442177058848173, 48.350899429754783 ], [ -71.441536599589014, 48.351318007457969 ], [ -71.440953992549154, 48.351425834299384 ], [ -71.440222878257288, 48.351382366904517 ], [ -71.439692556993066, 48.351199185495084 ], [ -71.439108101173574, 48.350795177413133 ], [ -71.438876310325256, 48.349532210160675 ], [ -71.439119974966431, 48.349159048105712 ], [ -71.439489577221138, 48.348965551784239 ], [ -71.440732599373447, 48.348662030027718 ], [ -71.441827781260059, 48.34820859336164 ], [ -71.442424864219277, 48.348177313003781 ], [ -71.442683279660599, 48.348281506693503 ], [ -71.442981494165124, 48.348574791818578 ], [ -71.443164519313299, 48.349041742527817 ], [ -71.443185420882884, 48.349327375777222 ], [ -71.443067348301469, 48.34978943882674 ], [ -71.442718939526856, 48.350362499725755 ] ] } },
{ "type": "Feature", "properties": { "PROFONDEUR_M": 3.05 }, "geometry": { "type": "LineString", "coordinates": [ [ -71.277794226722008, 48.341349595649675 ], [ -71.278166003172387, 48.341931307411414 ], [ -71.27800118863675, 48.342228092582872 ], [ -71.277673016945954, 48.342343850748215 ], [ -71.276989921887292, 48.342425090750979 ], [ -71.276682450385323, 48.342364706336788 ], [ -71.27648335425144, 48.342209651107169 ], [ -71.276400149794327, 48.341770304146671 ], [ -71.276493795339675, 48.341452545522145 ], [ -71.276706713482611, 48.341222683352498 ], [ -71.277373233575673, 48.341153629983793 ], [ -71.277794226722008, 48.341349595649675 ] ] } },
{ "type": "Feature", "properties": { "PROFONDEUR_M": 3.05 }, "geometry": { "type": "LineString", "coordinates": [ [ -71.274542795594186, 48.328779605318196 ], [ -71.27467044656467, 48.328986893044785 ], [ -71.274640171050166, 48.329224096492368 ], [ -71.274507852852594, 48.329401907275162 ], [ -71.274066258045835, 48.329673886453456 ], [ -71.273775314162265, 48.329741142404643 ], [ -71.2732634685308, 48.329668988931026 ], [ -71.272871779250849, 48.329404447637494 ], [ -71.272861038286393, 48.329090736477163 ], [ -71.272990858119641, 48.328802299587707 ], [ -71.273330039699232, 48.32857021056261 ], [ -71.274079029883197, 48.328527134818437 ], [ -71.274542795594186, 48.328779605318196 ] ] } },
{ "type": "Feature", "properties": { "PROFONDEUR_M": 64.01 }, "geometry": { "type": "LineString", "coordinates": [ [ -71.36693990003684, 48.31218507633686 ], [ -71.368182325415759, 48.3121352846523 ], [ -71.371097188697888, 48.312252475403255 ], [ -71.373993955844355, 48.312523471359675 ], [ -71.37539339640486, 48.312800486078913 ], [ -71.376385550529221, 48.313171641931724 ], [ -71.37734855400096, 48.313646616697305 ], [ -71.379113488612973, 48.314769830041584 ], [ -71.379997927107596, 48.315218818798719 ], [ -71.380629462451125, 48.315405301708132 ], [ -71.382528768566104, 48.315610662861701 ], [ -71.38307575101318, 48.315753702250788 ], [ -71.384902926739201, 48.317732701048683 ], [ -71.38602744888675, 48.318350664321187 ], [ -71.387069130396895, 48.318782037630079 ], [ -71.387524613051141, 48.318910523868233 ], [ -71.388848917405696, 48.319073255115605 ], [ -71.391597461592127, 48.318728087381665 ], [ -71.39208909473831, 48.318753452888508 ], [ -71.394488195925376, 48.319565398989603 ], [ -71.397477763524279, 48.32025056484558 ], [ -71.398565276829629, 48.320998186257015 ], [ -71.399635242766465, 48.321902363133354 ], [ -71.39967603500709, 48.322018552992901 ], [ -71.399334376645172, 48.322164723525859 ], [ -71.396748870685741, 48.32260653490512 ], [ -71.395406247516405, 48.322708289744817 ], [ -71.393579742119584, 48.322432886798076 ], [ -71.391276716283713, 48.322230035058993 ], [ -71.389085490304481, 48.321643291442328 ], [ -71.38719899342621, 48.321465707703254 ], [ -71.386217103699892, 48.321262479769935 ], [ -71.385318279886249, 48.320914061888516 ], [ -71.384210208733535, 48.32015237758926 ], [ -71.383055934233568, 48.318950057679487 ], [ -71.382127168215519, 48.318137246713746 ], [ -71.381294437449256, 48.317247314726437 ], [ -71.380942612902004, 48.316640435320267 ], [ -71.380678297753491, 48.316389532418583 ], [ -71.379963777146386, 48.315933152273587 ], [ -71.378856265258946, 48.315540903842503 ], [ -71.378343328828038, 48.315438475161926 ], [ -71.373662312379864, 48.315121168269499 ], [ -71.371108099881766, 48.315107865918534 ], [ -71.366896319890529, 48.314426923428577 ], [ -71.365606594509757, 48.314294131762253 ], [ -71.363422683528199, 48.314271310926827 ], [ -71.361738142191854, 48.314570347424855 ], [ -71.359547137046562, 48.315295148983928 ], [ -71.358570938817763, 48.315528305839322 ], [ -71.356718543327375, 48.315664487735027 ], [ -71.352285456222006, 48.315199941694019 ], [ -71.350873174619466, 48.314965723716426 ], [ -71.35060792591176, 48.314865070882448 ], [ -71.349363866672846, 48.313922730190754 ], [ -71.34901486132739, 48.313411371445063 ], [ -71.349076032395217, 48.313252342431191 ], [ -71.349373268828003, 48.313162966278227 ], [ -71.351565518475027, 48.313114360596479 ], [ -71.353218870002806, 48.312937186907916 ], [ -71.35441047233013, 48.312659324347436 ], [ -71.356791749251116, 48.311707085487342 ], [ -71.358168438580705, 48.311456500681302 ], [ -71.362448110953054, 48.311534884384912 ], [ -71.365129236922982, 48.312118774769594 ], [ -71.36693990003684, 48.31218507633686 ] ] } },
{ "type": "Feature", "properties": { "PROFONDEUR_M": 9.14 }, "geometry": { "type": "LineString", "coordinates": [ [ -71.387925871032564, 48.340626476734521 ], [ -71.388987958368816, 48.340214958588021 ], [ -71.389404396201755, 48.34015341773371 ], [ -71.389903628707401, 48.340198931396671 ], [ -71.390050888203405, 48.340319022303042 ], [ -71.390121487890113, 48.340508031992826 ], [ -71.390061370666317, 48.340733180385861 ], [ -71.389871379925339, 48.34098529031332 ], [ -71.389261432547613, 48.341342322397111 ], [ -71.388784467226628, 48.341469609752515 ], [ -71.387827356115281, 48.341356044142003 ], [ -71.387507741878935, 48.341228738474761 ], [ -71.387462397672394, 48.341091301315693 ], [ -71.387556319496682, 48.340910600020294 ], [ -71.387925871032564, 48.340626476734521 ] ] } },
{ "type": "Feature", "properties": { "PROFONDEUR_M": 4.57 }, "geometry": { "type": "LineString", "coordinates": [ [ -71.517694916009617, 48.392740186176454 ], [ -71.518348929639032, 48.392199606007317 ], [ -71.519165338876988, 48.391219547550847 ], [ -71.519559375077066, 48.391051194863749 ], [ -71.520231883571, 48.391026611376709 ], [ -71.521006601638774, 48.391413121444089 ], [ -71.521900239267836, 48.391630311958075 ], [ -71.523772442608191, 48.39184643663453 ], [ -71.524248350744088, 48.392110582273453 ], [ -71.524717125639185, 48.392619189795539 ], [ -71.52497457201622, 48.393264673684904 ], [ -71.524744219162287, 48.393831972832082 ], [ -71.524361112578404, 48.39419430029546 ], [ -71.523880858765409, 48.394437007047983 ], [ -71.52233858077345, 48.394822492959314 ], [ -71.522326990471555, 48.395028482806296 ], [ -71.522893494194037, 48.395692027252245 ], [ -71.522758351531422, 48.395943240002445 ], [ -71.522447615684541, 48.396140000359239 ], [ -71.521460248265001, 48.396441009340798 ], [ -71.521471055144914, 48.396647103130711 ], [ -71.521986300492927, 48.397410793183141 ], [ -71.521723678487646, 48.397887754279466 ], [ -71.521269031959704, 48.398079099206107 ], [ -71.519808608452891, 48.398183237777367 ], [ -71.519045361167613, 48.398064912316009 ], [ -71.515052745875522, 48.396578580032994 ], [ -71.513413031305575, 48.396067788488828 ], [ -71.51304867029728, 48.395846095515509 ], [ -71.512880526725937, 48.395617618747721 ], [ -71.512848082789745, 48.394924568435826 ], [ -71.51299497084095, 48.394508016163982 ], [ -71.513210739016785, 48.394310295928392 ], [ -71.515897081996769, 48.393738744851618 ], [ -71.516887839839185, 48.393358443607433 ], [ -71.517694916009617, 48.392740186176454 ] ] } },
{ "type": "Feature", "properties": { "PROFONDEUR_M": 6.1 }, "geometry": { "type": "LineString", "coordinates": [ [ -71.281456605370067, 48.322424618804689 ], [ -71.283576952421441, 48.321370030579921 ], [ -71.2842092416317, 48.321212393802142 ], [ -71.284631555036256, 48.321184999743366 ], [ -71.285246656468146, 48.321289219484768 ], [ -71.285510907555803, 48.321409434705764 ], [ -71.285728838019878, 48.32171806927564 ], [ -71.285608199545251, 48.322132349683244 ], [ -71.285250657733314, 48.322547486041096 ], [ -71.28274112302222, 48.324327181156626 ], [ -71.282497528449056, 48.32454986308143 ], [ -71.282004891401712, 48.325403404056658 ], [ -71.281765772354277, 48.325674354360117 ], [ -71.281006085660664, 48.326240781449336 ], [ -71.280144469300794, 48.327023812870848 ], [ -71.279765951223411, 48.327242652256622 ], [ -71.279484445728102, 48.327278966012372 ], [ -71.278972428455077, 48.327213752030104 ], [ -71.278665036224439, 48.327078829497438 ], [ -71.278429608013298, 48.326751544698141 ], [ -71.278366969204157, 48.326302252335132 ], [ -71.278640724635721, 48.324941162559739 ], [ -71.27880744297282, 48.324559539801271 ], [ -71.279274912511539, 48.323875100415108 ], [ -71.279691498155955, 48.323505436279646 ], [ -71.281456605370067, 48.322424618804689 ] ] } },
{ "type": "Feature", "properties": { "PROFONDEUR_M": 12.19 }, "geometry": { "type": "LineString", "coordinates": [ [ -71.237643431781592, 48.299717942386621 ], [ -71.236859918832067, 48.299774824553459 ], [ -71.235355795593236, 48.299578377037086 ], [ -71.233873828591726, 48.299508639368099 ], [ -71.233059830948164, 48.299746447886676 ], [ -71.232340447792026, 48.300147000125563 ], [ -71.232027457324193, 48.300455412788388 ], [ -71.231756142263535, 48.30098008255208 ], [ -71.231901897385285, 48.302692417467718 ], [ -71.231852855144041, 48.303184937519326 ], [ -71.231248489323931, 48.304193940703321 ], [ -71.230700875635236, 48.304901763276071 ], [ -71.230254856418114, 48.305888339480283 ], [ -71.229898886076285, 48.306184600632953 ], [ -71.229420823025734, 48.306309682189628 ], [ -71.228914664690834, 48.306356491559541 ], [ -71.228440640900743, 48.306269421531631 ], [ -71.228336253106519, 48.306196633056175 ], [ -71.228334971741035, 48.306034846374168 ], [ -71.228664761321141, 48.305538861476478 ], [ -71.229493947963604, 48.305227301712968 ], [ -71.230917785507842, 48.304111568961325 ], [ -71.231369974844384, 48.30355063685203 ], [ -71.231420812893987, 48.302772346387457 ], [ -71.231085153394446, 48.301675115967797 ], [ -71.231003395349489, 48.30090939101099 ], [ -71.231169516562048, 48.300469333698636 ], [ -71.231605876323016, 48.299832280322327 ], [ -71.23159458181425, 48.299519147077859 ], [ -71.231503280760009, 48.299330702016476 ] ] } },
{ "type": "Feature", "properties": { "PROFONDEUR_M": 9.14 }, "geometry": { "type": "LineString", "coordinates": [ [ -71.274994605337909, 48.340183601235992 ], [ -71.274979619574424, 48.340700659569514 ], [ -71.274403618665076, 48.341899377963827 ], [ -71.2743611246418, 48.342864353936477 ], [ -71.274258656227886, 48.343062889756503 ], [ -71.273853764924425, 48.343409650628224 ], [ -71.272525900646812, 48.344110764607734 ], [ -71.270510848583896, 48.344955176947472 ], [ -71.267031107188458, 48.345950776931097 ], [ -71.266728388652552, 48.346150822366909 ], [ -71.26560833688292, 48.347333792625307 ], [ -71.265273978387953, 48.34756418146948 ], [ -71.264413500315058, 48.347645096304774 ], [ -71.263658234451469, 48.347577873390954 ], [ -71.263478455399479, 48.34745422263223 ], [ -71.263547125487307, 48.347056559608447 ], [ -71.264530362061791, 48.345815713429459 ], [ -71.264700568596936, 48.344663109477246 ], [ -71.264670555013524, 48.343551028143295 ], [ -71.265373256417035, 48.342877923711576 ], [ -71.265811199221488, 48.342309042545999 ], [ -71.266400353563654, 48.341073772461883 ], [ -71.26661921871306, 48.340928099662776 ], [ -71.267190860868595, 48.340826483672586 ], [ -71.268742506163207, 48.341301047396151 ], [ -71.269265743964112, 48.341286145843085 ], [ -71.270031897409396, 48.340880094170821 ], [ -71.270963832379124, 48.339677299667031 ], [ -71.27178975092022, 48.337681226313769 ], [ -71.271635796773438, 48.336648214393527 ], [ -71.271109665459662, 48.335675780184083 ], [ -71.271051300544471, 48.335363721606647 ], [ -71.271143897518684, 48.33519017918394 ], [ -71.271414301655412, 48.335126962096339 ], [ -71.27236941386883, 48.335212695906819 ], [ -71.272571538534592, 48.33529470448368 ], [ -71.272759798935297, 48.335500375636464 ], [ -71.273043909917774, 48.335884480351496 ], [ -71.273466094120323, 48.336742388399024 ], [ -71.273753102377526, 48.337895995642747 ], [ -71.274258258538509, 48.338528858673996 ], [ -71.274994605337909, 48.340183601235992 ] ] } },
{ "type": "Feature", "properties": { "PROFONDEUR_M": 54.86 }, "geometry": { "type": "LineString", "coordinates": [ [ -71.336934377485633, 48.310938673959399 ], [ -71.335788523244688, 48.310902578037286 ], [ -71.335589406176425, 48.310842005244332 ], [ -71.335549284612696, 48.310749220808695 ], [ -71.335633503516576, 48.310614679418869 ], [ -71.336550053689294, 48.310274082469078 ], [ -71.337209653752922, 48.31021601447403 ], [ -71.337788563189179, 48.310350073454828 ], [ -71.337822791145015, 48.310640380195295 ], [ -71.337702155875732, 48.310802523993559 ], [ -71.337361486722386, 48.310916537784223 ], [ -71.336934377485633, 48.310938673959399 ] ] } },
{ "type": "Feature", "properties": { "PROFONDEUR_M": 15.24 }, "geometry": { "type": "LineString", "coordinates": [ [ -71.26312582800152, 48.353701806315492 ], [ -71.263568538348892, 48.353924419624022 ], [ -71.264203885604772, 48.354398885068264 ], [ -71.26521156900489, 48.355589304488369 ], [ -71.266303221247327, 48.356710086364473 ], [ -71.2666777918554, 48.357417035622554 ], [ -71.266955622109336, 48.358160946751589 ], [ -71.266924498808194, 48.358266243199743 ], [ -71.266777312376973, 48.358304008885334 ], [ -71.266585556404422, 48.358230437571919 ], [ -71.265830095080062, 48.357698903176811 ], [ -71.264394674858195, 48.355840397319319 ], [ -71.263489934728554, 48.355017780394576 ], [ -71.26252152422957, 48.35435423676816 ], [ -71.262241211692015, 48.354044415910259 ], [ -71.262116357662677, 48.353780659446159 ], [ -71.262193472842625, 48.353608813252137 ], [ -71.262410793312725, 48.353522381107126 ], [ -71.26312582800152, 48.353701806315492 ] ] } },
{ "type": "Feature", "properties": { "PROFONDEUR_M": 18.29 }, "geometry": { "type": "LineString", "coordinates": [ [ -71.263513276561255, 48.35402794143382 ], [ -71.264503138254469, 48.354924673318472 ], [ -71.265022617486409, 48.355602956280109 ], [ -71.266068275321587, 48.356670630054694 ], [ -71.266251105095719, 48.356975782703202 ], [ -71.2662598074795, 48.357322680276397 ], [ -71.26606208722076, 48.357322351113005 ], [ -71.265792209374354, 48.35708768707611 ], [ -71.263634399135739, 48.354886236934966 ], [ -71.262701529899445, 48.354085236743948 ], [ -71.262611493275315, 48.353910686538093 ], [ -71.262715715011538, 48.353830282771341 ], [ -71.263006812309442, 48.353835317847654 ], [ -71.263513276561255, 48.35402794143382 ] ] } },
{ "type": "Feature", "properties": { "PROFONDEUR_M": 3.05 }, "geometry": { "type": "LineString", "coordinates": [ [ -71.396698900204342, 48.342917098151972 ], [ -71.396564541116746, 48.343178975460219 ], [ -71.3959728817062, 48.343806890336523 ], [ -71.395500453368669, 48.344822937250591 ], [ -71.395080295509374, 48.345032651493696 ], [ -71.394513879281206, 48.345040576423607 ], [ -71.391862292237121, 48.344458102622525 ], [ -71.391532837557548, 48.344292655712394 ], [ -71.391443684937983, 48.34408415283206 ], [ -71.391716401706006, 48.343625956323883 ], [ -71.392873927024979, 48.342891601606539 ], [ -71.394124598721845, 48.342557408705659 ], [ -71.395496121085017, 48.342359734531847 ], [ -71.396342156294921, 48.342043722576165 ], [ -71.396550750823678, 48.342063167915505 ], [ -71.396771490732149, 48.342280244565181 ], [ -71.396698900204342, 48.342917098151972 ] ] } },
{ "type": "Feature", "properties": { "PROFONDEUR_M": 82.3 }, "geometry": { "type": "LineString", "coordinates": [ [ -71.31652236270358, 48.306566153634527 ], [ -71.318749331623664, 48.306408450439584 ], [ -71.324431679003283, 48.30655169222824 ], [ -71.324946967106541, 48.306693938343116 ], [ -71.326148810834979, 48.307328202618322 ], [ -71.326611238592662, 48.307707727642693 ], [ -71.326683421648042, 48.307896360308177 ], [ -71.326584688669371, 48.308142831712232 ], [ -71.326382728920876, 48.308260990897111 ], [ -71.32446796037874, 48.30906641230974 ], [ -71.323470807868503, 48.309352368706122 ], [ -71.322179745629541, 48.309465472574644 ], [ -71.320517485190862, 48.30945682145569 ], [ -71.317579526058395, 48.309170698724685 ], [ -71.312178289066182, 48.308471333800682 ], [ -71.311106287245138, 48.308164833632773 ], [ -71.310698160809423, 48.307939095101432 ], [ -71.310486052150765, 48.307749860070231 ], [ -71.310437789916463, 48.307585087659369 ], [ -71.310521573715505, 48.307390794132381 ], [ -71.311017475744222, 48.307257040229224 ], [ -71.313501707715588, 48.307163030340057 ], [ -71.315358109326382, 48.306684696739659 ], [ -71.31652236270358, 48.306566153634527 ] ] } },
{ "type": "Feature", "properties": { "PROFONDEUR_M": 3.05 }, "geometry": { "type": "LineString", "coordinates": [ [ -71.467645160833797, 48.338819173607391 ], [ -71.466884854848132, 48.338776595862683 ], [ -71.465315805826748, 48.338920237810846 ], [ -71.464473432073376, 48.338813586521326 ], [ -71.46241310013373, 48.338025020315314 ], [ -71.460409201274857, 48.337493670149051 ], [ -71.457171897900139, 48.337062760862509 ], [ -71.456788735168843, 48.336706072704715 ], [ -71.456203579786148, 48.336325726503368 ], [ -71.455514434502717, 48.336037955049598 ], [ -71.454725395258578, 48.335531367335477 ], [ -71.454044285777911, 48.33532884507823 ], [ -71.453459978704885, 48.335260133661109 ], [ -71.451829330039359, 48.335266540164838 ], [ -71.451130585076754, 48.33517577202754 ], [ -71.44911549733142, 48.334324828644462 ], [ -71.44841135782589, 48.334155825076763 ], [ -71.446930006367637, 48.333976178461334 ], [ -71.444680976229932, 48.333907884749536 ], [ -71.441497023864727, 48.333410120296335 ], [ -71.439127280896614, 48.332824091486778 ], [ -71.437469313341452, 48.332550889068273 ], [ -71.435918545988528, 48.331966980508973 ], [ -71.433976498898801, 48.331497942560432 ], [ -71.432280490417241, 48.331241828409617 ], [ -71.425236607988552, 48.330634217830514 ], [ -71.422960745580696, 48.330290105393026 ], [ -71.42208895449177, 48.33025555470482 ], [ -71.420020183927477, 48.33035428772083 ], [ -71.418029993014727, 48.330774550355954 ], [ -71.417419129853258, 48.330807574781964 ], [ -71.415271339739476, 48.330433433164082 ], [ -71.413767926510204, 48.329395607572501 ], [ -71.413027365400083, 48.328977301927424 ], [ -71.411942306416748, 48.328642083177613 ], [ -71.410955317425277, 48.328629197172774 ], [ -71.408933955100423, 48.329001386672587 ], [ -71.407277403111195, 48.329015827315466 ], [ -71.405793648831988, 48.328637786372873 ], [ -71.403037074694709, 48.327578713512771 ], [ -71.399098891782728, 48.3270681577254 ], [ -71.395984538561578, 48.326994575482864 ], [ -71.393296295319885, 48.327298421444915 ], [ -71.389823748081412, 48.327310224371494 ], [ -71.384930771707914, 48.326798378522078 ], [ -71.38130473470153, 48.326223474898903 ], [ -71.380876179243998, 48.326447576949334 ], [ -71.379742371294967, 48.327374333795724 ], [ -71.379391577976335, 48.327889389204465 ], [ -71.379248018563104, 48.328276910851876 ], [ -71.379277798724559, 48.328550357598182 ], [ -71.379622635902379, 48.328890944034782 ], [ -71.379858004722792, 48.329031251485553 ], [ -71.38030339477767, 48.329121254614805 ], [ -71.380944196029333, 48.329103498442279 ], [ -71.381747364343724, 48.32870358125799 ], [ -71.382480274035032, 48.328606698287885 ], [ -71.382803438897866, 48.32865188140719 ], [ -71.384202636492105, 48.329201205638718 ], [ -71.384657483504952, 48.329276566714363 ], [ -71.385790092006047, 48.329180273016867 ], [ -71.386768555593093, 48.328835498576773 ], [ -71.387394409821113, 48.328841089667272 ], [ -71.388146731878379, 48.328992313895718 ], [ -71.38833481135066, 48.32909275494184 ], [ -71.388421772234281, 48.329244631542871 ], [ -71.38835961908822, 48.329739054522697 ], [ -71.388578454719507, 48.330431636254609 ], [ -71.388570059575031, 48.331128478283951 ], [ -71.38861672195786, 48.331259118236055 ], [ -71.388744639842642, 48.331306491510688 ], [ -71.392197915940969, 48.330792890170443 ], [ -71.39339663177617, 48.330839634597581 ], [ -71.394467767181141, 48.33107773644835 ], [ -71.394539493700378, 48.331180277082069 ], [ -71.394503070654551, 48.331347382451519 ], [ -71.394089068475068, 48.331719038335869 ], [ -71.393443003838669, 48.332027780973831 ], [ -71.392561300260752, 48.332293613844854 ], [ -71.39216156873367, 48.332566713958236 ], [ -71.391656327358405, 48.332756474490374 ], [ -71.391503541853837, 48.332909580465127 ], [ -71.391477935989016, 48.333060734535245 ], [ -71.391664636149571, 48.333824616016209 ], [ -71.391579742474704, 48.334746755574962 ], [ -71.391734339152649, 48.3353988023052 ], [ -71.392137246884317, 48.33592989508842 ], [ -71.393424655161908, 48.33701506956627 ], [ -71.393838474010849, 48.337107964562328 ], [ -71.39480134834011, 48.337124050990525 ], [ -71.395203598043011, 48.336985213730813 ], [ -71.395363002877644, 48.336773748361786 ], [ -71.395106522120869, 48.336184895177965 ], [ -71.395137448755108, 48.335970405759141 ], [ -71.396422935501178, 48.335554871510162 ], [ -71.397071476069172, 48.33491412187287 ], [ -71.397468915065133, 48.334803652661002 ], [ -71.397649065542311, 48.334830257539892 ], [ -71.397775571322299, 48.334997780175193 ], [ -71.397647247922109, 48.335640543040455 ], [ -71.397692068717163, 48.335787409635358 ], [ -71.398550697455775, 48.33624575318742 ], [ -71.398871889240795, 48.336649573128042 ], [ -71.398863752897597, 48.336908333804338 ], [ -71.398477810078475, 48.337413120667563 ], [ -71.398340295709971, 48.337894948176071 ], [ -71.398614028675439, 48.338834154665875 ], [ -71.398901845102657, 48.339093494769287 ], [ -71.39948731334286, 48.339355856111744 ], [ -71.400133606917549, 48.339443149228771 ], [ -71.400502779585509, 48.33939253359695 ], [ -71.401398417335699, 48.33894793432966 ], [ -71.401758023062072, 48.33860545958688 ], [ -71.4026590503222, 48.336936308176206 ], [ -71.402704788666028, 48.336559492447989 ], [ -71.402555888669355, 48.336183004171545 ], [ -71.402638485831474, 48.33599202240827 ], [ -71.403453371935598, 48.335602406786329 ], [ -71.404175462074292, 48.33558000559534 ], [ -71.404735549121952, 48.335746768137504 ], [ -71.405050107882516, 48.33598568857925 ], [ -71.405012274667413, 48.336288871457405 ], [ -71.404589726336525, 48.337186882969434 ], [ -71.404684171149924, 48.337425225900724 ], [ -71.405064176204363, 48.337539565243873 ], [ -71.407216127720403, 48.337689204318714 ], [ -71.408479050451021, 48.338024043483458 ], [ -71.409649556239145, 48.337894602777901 ], [ -71.41025166124922, 48.337944670308552 ], [ -71.411752040599183, 48.338313528924793 ], [ -71.412707933234671, 48.338791901863686 ], [ -71.413523832813297, 48.33893257111189 ], [ -71.415344866698462, 48.338871204968434 ], [ -71.416589207726062, 48.338556859391225 ], [ -71.418593952329573, 48.338372050975181 ], [ -71.42011063405522, 48.338408145795889 ], [ -71.421046515419093, 48.338644521663028 ], [ -71.42158452157048, 48.339433286254675 ], [ -71.422246305026874, 48.339693913146199 ], [ -71.42288063745255, 48.339724896000945 ], [ -71.425840038280541, 48.339401545548746 ], [ -71.425985610807217, 48.339481639928593 ], [ -71.426059510271656, 48.339634274528663 ], [ -71.425898107436751, 48.340128901649209 ], [ -71.424907422222304, 48.340665417806058 ], [ -71.424646753584767, 48.340923600501739 ], [ -71.42464373917926, 48.341081017053966 ], [ -71.424920424035591, 48.341471249672146 ], [ -71.425082546410309, 48.341982183135869 ], [ -71.425370972452185, 48.342168247395875 ], [ -71.425826286590379, 48.342314222864196 ], [ -71.42779645906181, 48.342599002628361 ], [ -71.428408231226655, 48.34279041165037 ], [ -71.428768796246132, 48.343062471229366 ], [ -71.428788584925158, 48.343446628727875 ], [ -71.428879457748209, 48.343615080163474 ], [ -71.429404785682038, 48.343838586572957 ], [ -71.430981974978323, 48.344035920463078 ], [ -71.432796405896781, 48.343659646939813 ], [ -71.43303473609474, 48.343758444878603 ], [ -71.433667198080769, 48.344267623629094 ], [ -71.434371244488219, 48.344458174211049 ], [ -71.435519040536519, 48.344486868988781 ], [ -71.436602190648927, 48.344647385278705 ], [ -71.437693429510531, 48.344622891316327 ], [ -71.438469414797197, 48.344691708934334 ], [ -71.440440963626926, 48.343978475141085 ], [ -71.441005049884296, 48.34396600632035 ], [ -71.441126938522061, 48.344143432553849 ], [ -71.441039832516935, 48.344393621214444 ], [ -71.440268062026533, 48.345280182961773 ], [ -71.440279543197022, 48.345526029988093 ], [ -71.440448245448664, 48.34580975316986 ], [ -71.441292148063795, 48.346219954810316 ], [ -71.443048894170147, 48.346645439506098 ], [ -71.443393313401998, 48.346983576842746 ], [ -71.443932701325849, 48.347907220862275 ], [ -71.444131767165999, 48.348116608147436 ], [ -71.445533899193734, 48.348707861899804 ], [ -71.447083785765912, 48.349932650813855 ], [ -71.449761553124574, 48.351474061970848 ] ] } },
{ "type": "Feature", "properties": { "PROFONDEUR_M": 91.44 }, "geometry": { "type": "LineString", "coordinates": [ [ -71.497731301767274, 48.340715434960501 ], [ -71.495002084577322, 48.340653526025328 ], [ -71.490021511934415, 48.340174453630532 ], [ -71.489820878926992, 48.340123783377408 ], [ -71.489761657704875, 48.340008880650551 ], [ -71.489920394816579, 48.33986742666761 ], [ -71.493357693240071, 48.338235958953405 ], [ -71.494299430147308, 48.338111350625994 ], [ -71.500573499567494, 48.339660696199815 ], [ -71.502773278670944, 48.339865132210974 ], [ -71.50488766201525, 48.34037362671404 ], [ -71.504642862585996, 48.340467961218977 ], [ -71.502169289870764, 48.340491704648393 ], [ -71.500486867244192, 48.340691171395534 ], [ -71.497731301767274, 48.340715434960501 ] ] } },
{ "type": "Feature", "properties": { "PROFONDEUR_M": 6.1 }, "geometry": { "type": "LineString", "coordinates": [ [ -71.385966086189271, 48.333748010200154 ], [ -71.386036336009639, 48.334122647618926 ], [ -71.385918653803216, 48.334423316119349 ], [ -71.38554994693159, 48.334654987046626 ], [ -71.385204640293182, 48.334747909511215 ], [ -71.384820901128904, 48.334759058139952 ], [ -71.384084295747854, 48.33461647563788 ], [ -71.383530287199122, 48.334289232358664 ], [ -71.383368621850494, 48.333966855508166 ], [ -71.383480316336858, 48.333606207240436 ], [ -71.383834565131238, 48.333240915896511 ], [ -71.384356791136483, 48.333109801440784 ], [ -71.384988026299339, 48.333106450891165 ], [ -71.385405033866846, 48.333220499785234 ], [ -71.385662706810649, 48.333377660479144 ], [ -71.385966086189271, 48.333748010200154 ] ] } },
{ "type": "Feature", "properties": { "PROFONDEUR_M": 9.14 }, "geometry": { "type": "LineString", "coordinates": [ [ -71.286074077235497, 48.307717863744628 ], [ -71.286516694090423, 48.307397532232528 ], [ -71.287265580403883, 48.306675719199959 ], [ -71.287836584119717, 48.30597453096123 ], [ -71.288107025927999, 48.305835390776096 ], [ -71.288487826110099, 48.305775994144952 ], [ -71.289289675884561, 48.30587351920564 ], [ -71.290079057550514, 48.30618349545685 ], [ -71.290368333756405, 48.306416495610783 ], [ -71.290661502928941, 48.306849588483644 ], [ -71.290900029607101, 48.307894072775966 ], [ -71.29066577863847, 48.308995736971234 ], [ -71.290190052628674, 48.309850305469709 ], [ -71.289358832804183, 48.310911072827338 ], [ -71.287674953397911, 48.313410361734704 ], [ -71.286549267518865, 48.314527416906643 ], [ -71.286037741995159, 48.315427849891442 ], [ -71.285252613208556, 48.315958604084763 ], [ -71.284207582726935, 48.316219424432582 ], [ -71.283433160743272, 48.316241668667089 ], [ -71.282628852056305, 48.316060756675228 ], [ -71.282399313415823, 48.315914694482913 ], [ -71.282229136373743, 48.315423869949036 ], [ -71.282087654180216, 48.31386846731818 ], [ -71.281191474390312, 48.31246973078904 ], [ -71.281055505096205, 48.312096239626484 ], [ -71.281095355419154, 48.311385348920545 ], [ -71.281246810077889, 48.310945149536181 ], [ -71.281804027710962, 48.310391987638354 ], [ -71.283441933275526, 48.309707072392598 ], [ -71.284559087850212, 48.30863472790363 ], [ -71.286074077235497, 48.307717863744628 ] ] } },
{ "type": "Feature", "properties": { "PROFONDEUR_M": 45.72 }, "geometry": { "type": "LineString", "coordinates": [ [ -71.281129147097985, 48.300736538695048 ], [ -71.28254234334949, 48.301024144539184 ], [ -71.284051531972267, 48.301643703424666 ], [ -71.284893913599845, 48.302199964161353 ], [ -71.285043153758309, 48.302575732389656 ], [ -71.284906152295392, 48.30266786918888 ], [ -71.284398330868399, 48.30273019478534 ], [ -71.282641978914484, 48.302647631164874 ], [ -71.280632581225916, 48.302828579626983 ], [ -71.276543145034012, 48.302982824996725 ], [ -71.273529669385098, 48.303384757307178 ], [ -71.271887203245555, 48.303410940398905 ], [ -71.271533056204433, 48.30325505375756 ], [ -71.271164724353497, 48.302747494134344 ], [ -71.270334540957563, 48.301977625589508 ], [ -71.269100611104776, 48.301109291136555 ], [ -71.267871666690411, 48.300471449455763 ], [ -71.267005270402265, 48.300108025894737 ], [ -71.266286495743799, 48.299941567767092 ], [ -71.265362371907372, 48.299879424202622 ], [ -71.263902253990182, 48.299947920913326 ], [ -71.262844424825985, 48.299827001651032 ], [ -71.262290848008874, 48.299675192731549 ], [ -71.260701420420162, 48.29898788088687 ], [ -71.258960003225951, 48.29796862408363 ], [ -71.258465052455549, 48.297565150008168 ], [ -71.25835227939136, 48.297349108841971 ], [ -71.258304047814264, 48.296916020248169 ], [ -71.258480904650355, 48.296794832453791 ], [ -71.258798450548781, 48.296731235990343 ], [ -71.259452085520138, 48.296724574614331 ], [ -71.265478282278451, 48.298071592038688 ], [ -71.269429800525884, 48.29876010062582 ], [ -71.272744372279192, 48.29926616466949 ], [ -71.274929411538736, 48.299499953633088 ], [ -71.278611786508634, 48.300087228201846 ], [ -71.281129147097985, 48.300736538695048 ] ] } },
{ "type": "Feature", "properties": { "PROFONDEUR_M": 12.19 }, "geometry": { "type": "LineString", "coordinates": [ [ -71.262576648543714, 48.352507949906588 ], [ -71.262575010953128, 48.352884404998427 ], [ -71.2626819865188, 48.353148456460858 ], [ -71.263975116500163, 48.353919283454182 ], [ -71.265935023787065, 48.35586509332709 ], [ -71.266448394762875, 48.35655912320987 ], [ -71.267371426737157, 48.358379079255911 ], [ -71.267391566355172, 48.358614854059198 ], [ -71.267132980352656, 48.35866529166838 ], [ -71.266860885980989, 48.358587504661266 ], [ -71.265685354220352, 48.357900952863638 ], [ -71.265227749625694, 48.357501285928201 ], [ -71.264633865299871, 48.356596054924537 ], [ -71.263301768692443, 48.355211924406817 ], [ -71.261985978467663, 48.354028541117053 ], [ -71.261802614613856, 48.353729200112738 ], [ -71.261339440546351, 48.352106369587744 ], [ -71.261305958478729, 48.351755044916487 ], [ -71.261414666676899, 48.351497704830912 ], [ -71.261879080636959, 48.351361705538011 ], [ -71.262257686236765, 48.351389111771724 ], [ -71.262421147780643, 48.351479030468809 ], [ -71.262566081445399, 48.351800044531892 ], [ -71.262576648543714, 48.352507949906588 ] ] } },
{ "type": "Feature", "properties": { "PROFONDEUR_M": 15.24 }, "geometry": { "type": "LineString", "coordinates": [ [ -71.272083329339964, 48.340135129562519 ], [ -71.272340714929854, 48.338352336668265 ], [ -71.27243605939131, 48.338199594937514 ], [ -71.272555274505962, 48.338170189968658 ], [ -71.272698982651292, 48.338374015473242 ], [ -71.2729213704404, 48.340133901083426 ], [ -71.272749793191835, 48.340588246719982 ], [ -71.272378448411089, 48.34096567578225 ], [ -71.272167613758, 48.340962872005697 ], [ -71.272070230170257, 48.34083959618804 ], [ -71.272083329339964, 48.340135129562519 ] ] } },
{ "type": "Feature", "properties": { "PROFONDEUR_M": 45.72 }, "geometry": { "type": "LineString", "coordinates": [ [ -71.229190282266003, 48.294828269366697 ], [ -71.229876743013008, 48.294990360642068 ], [ -71.231219925403749, 48.294559760139215 ], [ -71.231805363671569, 48.294567352105418 ], [ -71.232949282635431, 48.294905872788625 ], [ -71.233270957930102, 48.295130949480928 ], [ -71.233524723538807, 48.295564356259803 ], [ -71.233280746971445, 48.296400485688885 ], [ -71.232776785304054, 48.296793335468443 ], [ -71.231810840004144, 48.297077100942019 ], [ -71.230101616678681, 48.297395213945919 ], [ -71.228901465515804, 48.297110622642876 ], [ -71.227809030096211, 48.296677358703036 ], [ -71.225541195701481, 48.295641549021518 ], [ -71.224280929629799, 48.294946791485899 ], [ -71.223650176012342, 48.294766214083943 ], [ -71.222086516652809, 48.294553329088828 ], [ -71.217734244243132, 48.29454611643277 ], [ -71.216540624333689, 48.294310851660278 ], [ -71.216023064198112, 48.294134808629401 ], [ -71.215549276059505, 48.2938483248602 ], [ -71.215513685691363, 48.293753085078038 ], [ -71.215692828659499, 48.293501247424302 ], [ -71.216016932221279, 48.29342414999163 ], [ -71.216599474014913, 48.293435105483574 ], [ -71.221403462453495, 48.293963799716984 ], [ -71.226542025064404, 48.294402536302783 ], [ -71.229190282266003, 48.294828269366697 ] ] } },
{ "type": "Feature", "properties": { "PROFONDEUR_M": 6.1 }, "geometry": { "type": "LineString", "coordinates": [ [ -71.295201998620797, 48.331142306133465 ], [ -71.296170387968772, 48.330993569187505 ], [ -71.297912422060307, 48.330897477265331 ], [ -71.298137550245471, 48.330986115602386 ], [ -71.298447431821813, 48.331266729452658 ], [ -71.298590000379164, 48.331467465676667 ], [ -71.298640234051589, 48.331780187139884 ], [ -71.298461282282332, 48.332008479528376 ], [ -71.29762020958502, 48.332244531167902 ], [ -71.296314893614053, 48.332984837920144 ], [ -71.295957707055337, 48.333108584577339 ], [ -71.295688689371687, 48.333102293221287 ], [ -71.294936341457316, 48.332721401661672 ], [ -71.2944991397314, 48.332109910408853 ], [ -71.294455754141097, 48.33172397721814 ], [ -71.294551470687566, 48.331467459414156 ], [ -71.294775992483054, 48.331299210293849 ], [ -71.295201998620797, 48.331142306133465 ] ] } },
{ "type": "Feature", "properties": { "PROFONDEUR_M": 3.05 }, "geometry": { "type": "LineString", "coordinates": [ [ -71.273062435788134, 48.331543491718392 ], [ -71.272705726470747, 48.331142370253929 ], [ -71.272620592472222, 48.330853659434872 ], [ -71.272717963367228, 48.33045668909989 ], [ -71.273024394852627, 48.330203235131165 ], [ -71.273543402379275, 48.329950375841406 ], [ -71.274048186706409, 48.329877953555581 ], [ -71.275099887692718, 48.330057737167451 ], [ -71.27533745346841, 48.330225286652329 ], [ -71.275449442970768, 48.330570968612875 ], [ -71.275382635906297, 48.33157187615781 ], [ -71.275219783019296, 48.331736607943675 ], [ -71.274781441364581, 48.331915785473328 ], [ -71.274678684757774, 48.332052889192411 ], [ -71.274777316685686, 48.332235728750241 ], [ -71.27523753021282, 48.332666640503483 ], [ -71.275329579921774, 48.332866534868707 ], [ -71.275139446006847, 48.333804327099749 ], [ -71.275026874206588, 48.333934017301914 ], [ -71.274784583163424, 48.334048717905041 ], [ -71.274271074940131, 48.334089704321968 ], [ -71.27373658383425, 48.334021397373192 ], [ -71.273560999327799, 48.333908757649574 ], [ -71.273204767467135, 48.332969510132159 ], [ -71.273184307790572, 48.332677019683622 ], [ -71.273347827493723, 48.332200007782859 ], [ -71.273363802668655, 48.331852816554481 ], [ -71.273062435788134, 48.331543491718392 ] ] } },
{ "type": "Feature", "properties": { "PROFONDEUR_M": 36.58 }, "geometry": { "type": "LineString", "coordinates": [ [ -71.284010672219409, 48.301427734649515 ], [ -71.284995619764999, 48.301898200061004 ], [ -71.286327136792295, 48.30275895930626 ], [ -71.286657061195172, 48.303116629529768 ], [ -71.286613341485733, 48.303374892061754 ], [ -71.286339419988437, 48.303543407366369 ], [ -71.286067494795034, 48.303589174846437 ], [ -71.283724202322858, 48.303328049741623 ], [ -71.281355001471766, 48.303195416895768 ], [ -71.275777064044902, 48.303266264744202 ], [ -71.272868363978702, 48.303759505343443 ], [ -71.271031576445893, 48.303812522171434 ], [ -71.270617291966346, 48.303555951298499 ], [ -71.270157370114021, 48.303047075904438 ], [ -71.269827944100754, 48.302195506336112 ], [ -71.269567989016608, 48.301886650909168 ], [ -71.269348975409542, 48.30168886851137 ], [ -71.268551767092276, 48.301302210730917 ], [ -71.265962123900124, 48.300532699688354 ], [ -71.262795082765933, 48.300218755698872 ], [ -71.260971414109292, 48.299863702184481 ], [ -71.260564273633634, 48.299714763026813 ], [ -71.25850681386477, 48.298601970765581 ], [ -71.256568331499025, 48.298010033464621 ], [ -71.251964308682076, 48.297165859645631 ], [ -71.251366975898563, 48.297323271915118 ], [ -71.249545256324481, 48.298647582407774 ], [ -71.248476672006021, 48.298826759684786 ], [ -71.246930564289542, 48.298861736716908 ], [ -71.244417339850614, 48.298552670155004 ], [ -71.242975589416943, 48.298200433486613 ], [ -71.242667723695334, 48.298038580437385 ], [ -71.24254997919185, 48.297853269280679 ], [ -71.242676410569587, 48.297529635140613 ], [ -71.242965927671349, 48.297358868681286 ], [ -71.243873948858749, 48.297141423861483 ], [ -71.244377005814457, 48.296918251317301 ], [ -71.244689375400142, 48.296576969532083 ], [ -71.244726120169418, 48.296283625082594 ], [ -71.244294313589322, 48.295920379757611 ], [ -71.241482196236547, 48.294703795545772 ], [ -71.241272677790064, 48.29447231803195 ], [ -71.241632310283322, 48.294336153547299 ], [ -71.242079059739055, 48.294388779984125 ], [ -71.243773032828585, 48.294828267717286 ], [ -71.247367005605582, 48.295399508524234 ], [ -71.251592538714419, 48.295614728330563 ], [ -71.259606648741226, 48.296584703973899 ], [ -71.269308261813279, 48.298580984141779 ], [ -71.273093897704683, 48.299157725393158 ], [ -71.27669314522187, 48.299597590703847 ], [ -71.28006190151342, 48.300203717141812 ], [ -71.281339897804969, 48.300531032327839 ], [ -71.284010672219409, 48.301427734649515 ] ] } },
{ "type": "Feature", "properties": { "PROFONDEUR_M": 100.58 }, "geometry": { "type": "LineString", "coordinates": [ [ -71.320164560065805, 48.307605144802075 ], [ -71.321122909071548, 48.307369759513996 ], [ -71.322869938337647, 48.307292965570632 ], [ -71.324082853149122, 48.307489189626814 ], [ -71.32462617399807, 48.307689104549546 ], [ -71.324731919526286, 48.307909432586158 ], [ -71.324545671591636, 48.3083055762499 ], [ -71.324146940102878, 48.308667574651054 ], [ -71.323858256063602, 48.30881345879515 ], [ -71.323010655162889, 48.309026169065497 ], [ -71.322042696963464, 48.309051031420161 ], [ -71.320317386125737, 48.308740070792439 ], [ -71.319471345644118, 48.30852914481062 ], [ -71.319262595183048, 48.308393061608704 ], [ -71.319203480250735, 48.308251207356712 ], [ -71.319412922328254, 48.307941312881326 ], [ -71.320164560065805, 48.307605144802075 ] ] } },
{ "type": "Feature", "properties": { "PROFONDEUR_M": 3.05 }, "geometry": { "type": "LineString", "coordinates": [ [ -71.376968350916499, 48.327886397769142 ], [ -71.377251542299902, 48.328023293189979 ], [ -71.377500786426666, 48.32831762938352 ], [ -71.377520109221379, 48.328640770467693 ], [ -71.377365573319111, 48.328853942150602 ], [ -71.37697383083318, 48.32899880594794 ], [ -71.376448048629086, 48.328984005577901 ], [ -71.376129829582396, 48.328900195059902 ], [ -71.375851318586825, 48.328693118058389 ], [ -71.375711924869137, 48.328219879230339 ], [ -71.375873818805957, 48.327945512861142 ], [ -71.376340112343328, 48.327799098416044 ], [ -71.376968350916499, 48.327886397769142 ] ] } },
{ "type": "Feature", "properties": { "PROFONDEUR_M": 91.44 }, "geometry": { "type": "LineString", "coordinates": [ [ -71.357963375564978, 48.312135194079573 ], [ -71.358426707052217, 48.312097973416087 ], [ -71.359776170745377, 48.312232911675139 ], [ -71.360109424720093, 48.312308813479241 ], [ -71.360185776847459, 48.312418354695346 ], [ -71.360116473476296, 48.312587144693509 ], [ -71.359905965421206, 48.312660562443618 ], [ -71.358030775432198, 48.312809393983372 ], [ -71.356388683885285, 48.313249546688269 ], [ -71.356094059899604, 48.313185253181253 ], [ -71.356145321823476, 48.313008521244136 ], [ -71.357204125086426, 48.312369261067488 ], [ -71.357963375564978, 48.312135194079573 ] ] } },
{ "type": "Feature", "properties": { "PROFONDEUR_M": 18.29 }, "geometry": { "type": "LineString", "coordinates": [ [ -71.410512067944708, 48.325916587127601 ], [ -71.408238468426518, 48.325550241550687 ], [ -71.407099672493857, 48.325485919025738 ], [ -71.403600474218564, 48.324973893053041 ], [ -71.40134126436709, 48.324419526963638 ], [ -71.399328861785321, 48.324050783133416 ], [ -71.397918148318254, 48.324057752324116 ], [ -71.395780716988853, 48.324201037194122 ], [ -71.393247915918238, 48.323804504070218 ], [ -71.389580961326786, 48.323368742430226 ], [ -71.38606372554959, 48.323237728912076 ], [ -71.385191486855959, 48.323090041702955 ], [ -71.384573227688733, 48.322849145532068 ], [ -71.384028648713652, 48.322524731919927 ], [ -71.382713030654813, 48.321078588156169 ], [ -71.381604271067189, 48.320135722592411 ], [ -71.380186922777241, 48.319489391777267 ], [ -71.379047248705845, 48.318818266233819 ], [ -71.377280329457847, 48.317238560091504 ], [ -71.376123894335038, 48.316663412029136 ], [ -71.3726383995633, 48.316395388911992 ], [ -71.370181699687365, 48.316439525785491 ], [ -71.366630035190241, 48.315950775356548 ], [ -71.365258034663015, 48.315862762260018 ], [ -71.363579698924042, 48.316013852375718 ], [ -71.362080115715088, 48.316372491120795 ], [ -71.360433394170343, 48.316965408908359 ], [ -71.359129886640375, 48.317235203447147 ], [ -71.358332726825822, 48.317307955022386 ], [ -71.355334818173446, 48.31737231092238 ], [ -71.354038300820164, 48.317225581972693 ], [ -71.352131652883259, 48.316839787481669 ], [ -71.351584726355838, 48.316783122076586 ], [ -71.350403846662005, 48.316820132017753 ], [ -71.347439118210957, 48.315907930821787 ], [ -71.346024245082432, 48.315745089429441 ], [ -71.345472770883674, 48.315525598316 ], [ -71.344098065139804, 48.314554814114238 ], [ -71.343044945074723, 48.314171615127201 ], [ -71.341933085931629, 48.314140496831676 ], [ -71.340635187391541, 48.314313066511943 ], [ -71.339995744248881, 48.314704700923862 ], [ -71.339316669483082, 48.314941007879995 ], [ -71.339011380866964, 48.314969375736574 ], [ -71.337631076186014, 48.314754779196093 ], [ -71.336389745034978, 48.314323815864498 ], [ -71.335067905856917, 48.314342994620674 ], [ -71.334393837388234, 48.314273196775204 ], [ -71.331424330256667, 48.313067264421356 ], [ -71.329888422834983, 48.312287180945802 ], [ -71.328039419032891, 48.311117405028696 ], [ -71.327007538476821, 48.310686900003631 ], [ -71.32528168115023, 48.310545364615621 ], [ -71.324126803418523, 48.310785222590923 ], [ -71.322901454387619, 48.310820816268908 ], [ -71.320995449670662, 48.310558919573054 ], [ -71.316353837410105, 48.310252975205017 ], [ -71.312944765998111, 48.30992264166747 ], [ -71.311232051960545, 48.310023621702662 ], [ -71.310009447415283, 48.309958877701447 ], [ -71.308845781410767, 48.309785107363233 ], [ -71.307844699241272, 48.309451509200031 ], [ -71.305507254859876, 48.308352451242229 ], [ -71.300988064955959, 48.306517391782627 ], [ -71.300072996788671, 48.305896949118321 ], [ -71.299971195007544, 48.305626543442607 ], [ -71.300232008413488, 48.305356574020927 ], [ -71.30102684653302, 48.30500911068301 ], [ -71.302365389560023, 48.304740218059464 ], [ -71.302966662457649, 48.304704511873773 ], [ -71.309448515655063, 48.305084084516224 ], [ -71.313454924814963, 48.304875239150512 ], [ -71.315383343705179, 48.304630438528825 ], [ -71.318371166518645, 48.304950046357739 ], [ -71.320117455260032, 48.30472416331704 ], [ -71.321177533878313, 48.304756777087249 ], [ -71.322815594821435, 48.304636624759254 ], [ -71.323897887475553, 48.304630747846041 ], [ -71.326158967356761, 48.304776595115435 ], [ -71.32661031199271, 48.304839685692464 ], [ -71.327409725457329, 48.305164209328957 ], [ -71.329245001382645, 48.306377145181528 ], [ -71.333865846324372, 48.30757106225564 ], [ -71.335210642166743, 48.307811794882731 ], [ -71.33821876506002, 48.307548284407112 ], [ -71.340047472978839, 48.307615533911616 ], [ -71.341520332179272, 48.307801958649492 ], [ -71.343464336010797, 48.308262019641397 ], [ -71.344535357373601, 48.308619141244655 ], [ -71.348429893275437, 48.309203721613862 ], [ -71.350684647720456, 48.310107910006863 ], [ -71.352285271353125, 48.310498232157826 ], [ -71.353812332168133, 48.31058192266692 ], [ -71.357746267780442, 48.310250141528329 ], [ -71.362270086722518, 48.310320176355759 ], [ -71.364812844584463, 48.310852826966318 ], [ -71.370457616670194, 48.310999232694442 ], [ -71.376528739571256, 48.311784493539832 ], [ -71.377105135148824, 48.311913775856283 ], [ -71.377623751183478, 48.312141567710789 ], [ -71.378350723219654, 48.312596408627179 ], [ -71.379407655162098, 48.313414910810394 ], [ -71.37988144698987, 48.313636141608079 ], [ -71.380722681874971, 48.313742830793984 ], [ -71.383203268685762, 48.313658443869379 ], [ -71.385075648594665, 48.313941497414909 ], [ -71.385961873740101, 48.314328040124977 ], [ -71.387613113974808, 48.315235889404683 ], [ -71.388340840730763, 48.315786591368486 ], [ -71.390518729385732, 48.316498639696292 ], [ -71.391054526304174, 48.316638075205304 ], [ -71.392913795402478, 48.31678293013919 ], [ -71.395511539616706, 48.317479033104988 ], [ -71.398934674025313, 48.3179605637674 ], [ -71.399442668151337, 48.318312403616353 ], [ -71.400899165117181, 48.320200108682577 ], [ -71.401507949799878, 48.320706978109733 ], [ -71.401875741309553, 48.320842923311822 ], [ -71.402506624829982, 48.3209510530166 ], [ -71.40310826337624, 48.320950357167717 ], [ -71.406204135762565, 48.320660915556985 ], [ -71.408047186475045, 48.32068884147693 ], [ -71.408332895553798, 48.320758562176309 ], [ -71.411490445558968, 48.3224068371035 ], [ -71.416495004832541, 48.324124200036998 ], [ -71.420097539835723, 48.326085310271019 ], [ -71.421452339057538, 48.327191359643713 ], [ -71.421798027170709, 48.327572734741338 ], [ -71.421966216992473, 48.328003611823704 ], [ -71.421800874906424, 48.328231862601697 ], [ -71.421435367155254, 48.328349584332635 ], [ -71.419159734771767, 48.328634953985812 ], [ -71.418292959335758, 48.328652324670863 ], [ -71.416130364530247, 48.328373586093043 ], [ -71.414734063649334, 48.32779941805294 ], [ -71.413087725768875, 48.326790672777342 ], [ -71.412448175741076, 48.326492296802883 ], [ -71.411878547151346, 48.326270231387234 ], [ -71.410512067944708, 48.325916587127601 ] ] } },
{ "type": "Feature", "properties": { "PROFONDEUR_M": 27.43 }, "geometry": { "type": "LineString", "coordinates": [ [ -71.341937340260969, 48.308262547641768 ], [ -71.345672106332131, 48.309420205556428 ], [ -71.34775410896485, 48.309498259523352 ], [ -71.348403445808799, 48.309604852986411 ], [ -71.348920921499385, 48.309820573939859 ], [ -71.350086236919552, 48.310578872261416 ], [ -71.350693710568251, 48.310841812581252 ], [ -71.351236264852417, 48.310948266722804 ], [ -71.353017925327919, 48.311099949242035 ], [ -71.354182952102917, 48.311053356612938 ], [ -71.358602490014079, 48.310437889451656 ], [ -71.360336084293849, 48.310667769541304 ], [ -71.361795232661635, 48.310582294061007 ], [ -71.365239814971062, 48.311134877733103 ], [ -71.370022741035058, 48.3112064451498 ], [ -71.376992528211701, 48.3121840237824 ], [ -71.377768380649513, 48.312534318425428 ], [ -71.37934192780628, 48.313725674559343 ], [ -71.380510805951246, 48.314024203052156 ], [ -71.38214595241763, 48.314002494471495 ], [ -71.383432299848479, 48.314088587451927 ], [ -71.384518455123327, 48.31427516444419 ], [ -71.385456043374575, 48.314617639950065 ], [ -71.386575558961255, 48.31547490420418 ], [ -71.387244820533127, 48.315868908790563 ], [ -71.389629157355031, 48.31664857503042 ], [ -71.390307390737192, 48.316777750848729 ], [ -71.392468209691117, 48.316917543019116 ], [ -71.39569921793975, 48.317820841989125 ], [ -71.398052504418899, 48.318095677503194 ], [ -71.398711104742929, 48.31840747415071 ], [ -71.399227261104485, 48.318757511456319 ], [ -71.401158094671047, 48.320654514200228 ], [ -71.401658150749043, 48.32100848548842 ], [ -71.401978896095855, 48.321118349735372 ], [ -71.403045876873819, 48.321256161170595 ], [ -71.406752115166839, 48.321407141634701 ], [ -71.408346970489006, 48.321807834507972 ], [ -71.41109834680816, 48.323149387611309 ], [ -71.412571150859222, 48.323724083502015 ], [ -71.41386147519755, 48.324169338101299 ], [ -71.41553996274115, 48.324592536992412 ], [ -71.416431431777056, 48.325203253437827 ], [ -71.417603649933952, 48.325762892277133 ], [ -71.418380313845276, 48.326253793255553 ], [ -71.419016353531532, 48.32673729141856 ], [ -71.41970685417806, 48.327494065652985 ], [ -71.419746766931127, 48.327667102487169 ], [ -71.419600677379776, 48.327797017197064 ], [ -71.417988700210856, 48.32805298024757 ], [ -71.417324875845495, 48.328074944461299 ], [ -71.416882989935885, 48.327981197333898 ], [ -71.415510391911724, 48.327086922161975 ], [ -71.414112930183265, 48.326376061813995 ], [ -71.412683536050537, 48.325742918234695 ], [ -71.410967259010391, 48.32523980136019 ], [ -71.405290966175713, 48.324899618418925 ], [ -71.398728080605693, 48.323793995717267 ], [ -71.396003528408102, 48.323907635996861 ], [ -71.391371952216289, 48.32329997208452 ], [ -71.39015003919107, 48.323026897741897 ], [ -71.385351458719043, 48.322881416972152 ], [ -71.384822050543306, 48.322687454787513 ], [ -71.383117820765065, 48.320928295009296 ], [ -71.38254849622092, 48.320454860801199 ], [ -71.38092561561227, 48.319549096802369 ], [ -71.379982902613293, 48.319170674602084 ], [ -71.377675269634352, 48.31700678529775 ], [ -71.376854322641307, 48.316572757495891 ], [ -71.376174100147352, 48.316330328774882 ], [ -71.371424654542011, 48.316172508714104 ], [ -71.369951778882836, 48.316221946892668 ], [ -71.36813386405926, 48.31590483795943 ], [ -71.364519858407249, 48.315581745062744 ], [ -71.363026293257747, 48.315856668794851 ], [ -71.360602430599684, 48.316662860392071 ], [ -71.35847141105279, 48.316999770877715 ], [ -71.35670419222636, 48.317043400830606 ], [ -71.355087667293944, 48.316987108968839 ], [ -71.351793655940227, 48.316562730396512 ], [ -71.35077972037891, 48.316622794709595 ], [ -71.35044250509263, 48.316563830071523 ], [ -71.348769477908675, 48.315931433754486 ], [ -71.346035943677279, 48.315302757573001 ], [ -71.345261181696131, 48.314942105838149 ], [ -71.344656601349328, 48.314551658208565 ], [ -71.342986301823288, 48.313773407100761 ], [ -71.342671652888299, 48.313697504961858 ], [ -71.341939718774626, 48.313664779127066 ], [ -71.341363257738564, 48.313765697740671 ], [ -71.339387634379577, 48.314574652533871 ], [ -71.33874775590246, 48.31468474151184 ], [ -71.338155480599582, 48.314632630536195 ], [ -71.336396700044958, 48.31409618810018 ], [ -71.334142858641499, 48.313852778833748 ], [ -71.333263713042385, 48.313549309092124 ], [ -71.331309413436685, 48.312679052984535 ], [ -71.328085708057856, 48.310725733150036 ], [ -71.326873149553592, 48.310305844598759 ], [ -71.325412662609452, 48.310256382510303 ], [ -71.323318464615838, 48.310583710769187 ], [ -71.318427752826025, 48.310008123827764 ], [ -71.317247882785878, 48.310043381274035 ], [ -71.312902956003242, 48.309741632557717 ], [ -71.31130373330474, 48.309826649804819 ], [ -71.30918822443995, 48.30966405880244 ], [ -71.303806802450069, 48.307392189184746 ], [ -71.302001376349722, 48.306498797986521 ], [ -71.301652433753731, 48.306109171954503 ], [ -71.301744899682006, 48.305945003965945 ], [ -71.302055110318577, 48.305774718601285 ], [ -71.303021825265589, 48.305463593609574 ], [ -71.305173918526222, 48.305215338415948 ], [ -71.308160788100281, 48.305320292214127 ], [ -71.31002997438226, 48.305480636224488 ], [ -71.315447332090528, 48.30500314828533 ], [ -71.317519469755723, 48.305341635612443 ], [ -71.320431742513108, 48.304936129228849 ], [ -71.324384608534274, 48.304881793424457 ], [ -71.325914452447307, 48.305055087706698 ], [ -71.327327286207336, 48.305437035675375 ], [ -71.327819366075786, 48.305759716491707 ], [ -71.328292560643078, 48.306202863140463 ], [ -71.329294465164637, 48.306781391773157 ], [ -71.331508854316212, 48.307378422676479 ], [ -71.333045804991613, 48.307569857238619 ], [ -71.334609764872553, 48.307958901646984 ], [ -71.33528759056567, 48.308034588613282 ], [ -71.337722311664592, 48.307886405437316 ], [ -71.339505240937186, 48.307902882451359 ], [ -71.340558753444625, 48.308000092740201 ], [ -71.341937340260969, 48.308262547641768 ] ] } },
{ "type": "Feature", "properties": { "PROFONDEUR_M": 3.05 }, "geometry": { "type": "LineString", "coordinates": [ [ -71.283088122312535, 48.314168293940085 ], [ -71.283247918122768, 48.313709293872861 ], [ -71.283367982618245, 48.313579873642034 ], [ -71.283826515530606, 48.313540735962256 ], [ -71.284094422835295, 48.313625839684654 ], [ -71.284375288423021, 48.314748504451565 ], [ -71.2842763342382, 48.315164210209474 ], [ -71.284114004737603, 48.315278495121127 ], [ -71.283825775915318, 48.31528492830909 ], [ -71.282922875533828, 48.315007769207782 ], [ -71.282886240879918, 48.314813802891564 ], [ -71.283088122312535, 48.314168293940085 ] ] } },
{ "type": "Feature", "properties": { "PROFONDEUR_M": 12.19 }, "geometry": { "type": "LineString", "coordinates": [ [ -71.285032210420624, 48.332109254244436 ], [ -71.285952980202879, 48.330058376782112 ], [ -71.286237324312296, 48.329689491506784 ], [ -71.286780820643799, 48.329569167335066 ], [ -71.287235877786472, 48.329591756343191 ], [ -71.287847476278927, 48.329768334143452 ], [ -71.288150582040089, 48.330015349401314 ], [ -71.28833108276703, 48.330457427430531 ], [ -71.288187614866033, 48.331224904872371 ], [ -71.287731460999893, 48.331990992776241 ], [ -71.28631189878557, 48.333829733240322 ], [ -71.285872497828166, 48.334565917695635 ], [ -71.284866035458037, 48.337260503165709 ], [ -71.284443350351935, 48.337567886499471 ], [ -71.283949756427987, 48.337616772846296 ], [ -71.283586526905822, 48.33748072525993 ], [ -71.283452670891464, 48.337138657645767 ], [ -71.283941808080129, 48.335323109443962 ], [ -71.284551520189297, 48.33387283303081 ], [ -71.285032210420624, 48.332109254244436 ] ] } },
{ "type": "Feature", "properties": { "PROFONDEUR_M": 64.01 }, "geometry": { "type": "LineString", "coordinates": [ [ -71.329247161088603, 48.308388568724958 ], [ -71.330803154877486, 48.309147156386231 ], [ -71.332272552193444, 48.309618713413215 ], [ -71.333069533118845, 48.309786173455031 ], [ -71.334443382705643, 48.309827077604936 ], [ -71.338210735911986, 48.309396259565702 ], [ -71.33915917513697, 48.309448195665702 ], [ -71.340749534198409, 48.309691656724546 ], [ -71.342368493343997, 48.310080904572452 ], [ -71.343254936081621, 48.310433292126277 ], [ -71.344328821037919, 48.311326636684932 ], [ -71.344391136632055, 48.311496694272883 ], [ -71.344326646433785, 48.311628581978944 ], [ -71.3441302108629, 48.311700815919977 ], [ -71.341988391646964, 48.312219023975736 ], [ -71.341022325942888, 48.312564003752819 ], [ -71.340411189341836, 48.3128861523548 ], [ -71.339662427511115, 48.313460529058922 ], [ -71.338995585081079, 48.313763963283328 ], [ -71.338532064195633, 48.313868843010212 ], [ -71.338161189508256, 48.313858359759394 ], [ -71.337511479379501, 48.313727179513229 ], [ -71.33590016122578, 48.313190534770165 ], [ -71.333583170003578, 48.312302342537855 ], [ -71.332915068444606, 48.311958224632995 ], [ -71.331898583375605, 48.311231383727595 ], [ -71.331207415516275, 48.310402536914246 ], [ -71.329970170562191, 48.30920685031947 ], [ -71.329091137157988, 48.308692520484207 ], [ -71.32861604581305, 48.308568891383104 ], [ -71.327829706182968, 48.308449566489728 ], [ -71.327306979082053, 48.308502485769985 ], [ -71.32580137643221, 48.308924215745492 ], [ -71.323943036076969, 48.309617280596157 ], [ -71.322295592664148, 48.309888710988311 ], [ -71.321456068895245, 48.309886965922026 ], [ -71.31663793196816, 48.309445588421283 ], [ -71.311671282079644, 48.308860175295969 ], [ -71.308163480240566, 48.307190520367229 ], [ -71.307985496320299, 48.306975879819461 ], [ -71.30798470932254, 48.306818266689682 ], [ -71.308220320953396, 48.306625788933637 ], [ -71.3094897604404, 48.306367289734638 ], [ -71.312181176376498, 48.306103450836069 ], [ -71.312795708226204, 48.306100384628799 ], [ -71.315119526837663, 48.306340273896858 ], [ -71.317950133029584, 48.30598243549327 ], [ -71.324191079209982, 48.306249566339794 ], [ -71.324929101658327, 48.306351846422096 ], [ -71.326031542512098, 48.306761268548016 ], [ -71.329247161088603, 48.308388568724958 ] ] } },
{ "type": "Feature", "properties": { "PROFONDEUR_M": 6.1 }, "geometry": { "type": "LineString", "coordinates": [ [ -71.211348866096202, 48.309705273805065 ], [ -71.211835915834129, 48.309703309327951 ], [ -71.212810028306805, 48.309451583748277 ], [ -71.21316973978, 48.309463077534545 ], [ -71.213299161727178, 48.309569166442273 ], [ -71.213196987280398, 48.310018068148786 ], [ -71.213334561139078, 48.310200716564182 ], [ -71.213657519470743, 48.310379307491537 ], [ -71.214266052630038, 48.310479817675571 ], [ -71.215103316312337, 48.310263351150027 ], [ -71.215915472539933, 48.310511800851081 ], [ -71.216295595870889, 48.31096521034133 ], [ -71.216407035900133, 48.311878547736505 ], [ -71.216717160253026, 48.312597000949467 ], [ -71.217015085029885, 48.312845294134128 ], [ -71.217458777198487, 48.312906185110855 ], [ -71.218659130000617, 48.312538422307689 ], [ -71.219007706968611, 48.312515188358212 ], [ -71.219553568964216, 48.312635933671238 ], [ -71.220176893692226, 48.313128175104673 ], [ -71.220670984717628, 48.313371899752624 ], [ -71.221056111226815, 48.313455262591745 ], [ -71.221567850241996, 48.313429970714111 ], [ -71.222368849675377, 48.313230197941614 ], [ -71.223581213957544, 48.312749152804145 ], [ -71.22492814985965, 48.311945460906387 ], [ -71.225393164320678, 48.311560608164918 ], [ -71.226389646794459, 48.310484528913982 ], [ -71.227786069806939, 48.309279526453111 ], [ -71.228604683544674, 48.308700468326926 ], [ -71.229066123027266, 48.308162521503704 ], [ -71.229552111066866, 48.307396005912366 ], [ -71.229956031954472, 48.307126141104931 ], [ -71.230932156443913, 48.306643920112819 ], [ -71.231748378757402, 48.306347097200238 ], [ -71.232476103852491, 48.306194143200869 ], [ -71.233238231494511, 48.30615393114892 ], [ -71.234010088265222, 48.306372490003582 ], [ -71.234227973216733, 48.306764280130565 ], [ -71.234526295629735, 48.307095128257892 ], [ -71.23532870948047, 48.307482336204302 ], [ -71.236538634517586, 48.308555823045182 ], [ -71.236741722714839, 48.309005439601528 ], [ -71.236808998665481, 48.309535331028073 ], [ -71.236397407450937, 48.311476473366284 ], [ -71.236564429158136, 48.311996744266587 ], [ -71.23673116050756, 48.312256754450395 ], [ -71.237749507885582, 48.313113744429771 ], [ -71.238305218495725, 48.313237923058708 ], [ -71.239063911601207, 48.313219167031619 ], [ -71.239398093519782, 48.313074198614103 ], [ -71.239702162343974, 48.312740773543496 ], [ -71.239857951262834, 48.312235736300892 ], [ -71.239854101702349, 48.311928952861024 ], [ -71.239643914123448, 48.311248459374376 ], [ -71.238611012531067, 48.309238359968937 ], [ -71.238276202715511, 48.308269320676665 ], [ -71.23824208033885, 48.307903050021551 ], [ -71.238430407165865, 48.307118655404253 ], [ -71.239080537355306, 48.305972416012601 ], [ -71.240204668485873, 48.30471990685492 ], [ -71.243449896900003, 48.302979521206431 ], [ -71.24389078014346, 48.302556587797845 ], [ -71.245609604968394, 48.302178092739481 ], [ -71.246204127227045, 48.301925586760163 ], [ -71.24652301072733, 48.301678522219902 ], [ -71.246893884065983, 48.301189060835156 ], [ -71.24724821462334, 48.301033879392222 ], [ -71.24772411287347, 48.30116948647823 ], [ -71.248355767416626, 48.301782303067313 ], [ -71.248581552038871, 48.301910145357283 ], [ -71.250544333243809, 48.302120706624606 ], [ -71.251739062202631, 48.302470349963563 ], [ -71.25217486084162, 48.302408872498745 ], [ -71.253133126529505, 48.301938166351555 ], [ -71.255185275867134, 48.301485349008324 ], [ -71.255740383131709, 48.301433170988318 ], [ -71.256168578492904, 48.301510079521648 ], [ -71.258346724171361, 48.302389433669113 ], [ -71.259083114528934, 48.303181782363843 ], [ -71.259392014655475, 48.303365445731174 ], [ -71.259855740690796, 48.303500735882075 ], [ -71.261170161788044, 48.303551263359743 ], [ -71.262497899729212, 48.304069376868775 ], [ -71.263288218818289, 48.304664545621741 ], [ -71.263781095673906, 48.305499530255048 ], [ -71.264043651932383, 48.30560499760076 ], [ -71.265807555156627, 48.305378769248904 ], [ -71.266381767107148, 48.305428718553834 ], [ -71.26737107200718, 48.305666503776763 ], [ -71.268256472512292, 48.305308347967539 ], [ -71.269419139911818, 48.30514060149109 ], [ -71.273682014285995, 48.30562842235539 ], [ -71.274220139175682, 48.305751721368289 ], [ -71.274671722049547, 48.30603895615954 ], [ -71.274843952195255, 48.306244336215158 ], [ -71.274992057964113, 48.306613634960954 ], [ -71.275002825879895, 48.30702275996078 ], [ -71.274873497274982, 48.307285175696002 ], [ -71.274697128563886, 48.30740984746501 ], [ -71.2734023903257, 48.307855342719165 ], [ -71.272703414855187, 48.308364183327285 ], [ -71.27268928785287, 48.308562916594937 ], [ -71.272942152796986, 48.309250538764971 ], [ -71.272931730791257, 48.309566546026517 ], [ -71.272711956526308, 48.310027111572538 ], [ -71.272490353669127, 48.310855239212806 ], [ -71.271778941132524, 48.311655204426806 ], [ -71.271706668804086, 48.311861643502411 ], [ -71.271781224032736, 48.312042684279966 ], [ -71.272235560814735, 48.312259851982041 ], [ -71.272908912240311, 48.312242614139357 ], [ -71.273346430501206, 48.312022162654713 ], [ -71.273457172682242, 48.311644985670142 ], [ -71.273401301957648, 48.311246879591941 ], [ -71.273619017268615, 48.310282353163608 ], [ -71.274713962398053, 48.309367921203254 ], [ -71.275140483409828, 48.307777134491232 ], [ -71.275647097406321, 48.306644821059876 ], [ -71.276292926718938, 48.306119355963673 ], [ -71.276603034182131, 48.30603547339345 ], [ -71.278194616350973, 48.306137516896314 ], [ -71.278787767052705, 48.306344658211536 ], [ -71.278936122743218, 48.306638363284499 ], [ -71.278848871121511, 48.307644617499484 ], [ -71.279507439247865, 48.30866743260934 ], [ -71.279568575049595, 48.308881263412204 ], [ -71.279540046646375, 48.309521464597346 ], [ -71.279842942241274, 48.310248781629646 ], [ -71.279764393967767, 48.310609495683956 ], [ -71.279597017396327, 48.310891331001578 ], [ -71.278528064842902, 48.311823129243301 ], [ -71.27812552905857, 48.312498681258006 ], [ -71.278173331587908, 48.312996088238144 ], [ -71.27866631155932, 48.313540823387861 ], [ -71.278748893093578, 48.313728852237922 ], [ -71.278681566627483, 48.314172095087052 ], [ -71.27822528949747, 48.315431530754203 ], [ -71.278232081193224, 48.315854801834874 ], [ -71.278363555096192, 48.316328927993474 ], [ -71.279208083012023, 48.317641424576017 ], [ -71.27955144906359, 48.318336996184186 ], [ -71.279679617953377, 48.318745968942963 ], [ -71.279616238860541, 48.319414109466514 ], [ -71.279000564808101, 48.320221413522063 ], [ -71.278621730159003, 48.320575020392084 ], [ -71.27821544421856, 48.320876831006565 ], [ -71.277384341800527, 48.321261462346968 ], [ -71.277104546891451, 48.321528950632946 ], [ -71.277036054919222, 48.321743453979096 ], [ -71.27711008888744, 48.322330146180462 ], [ -71.277072051894763, 48.323287450464697 ], [ -71.277232780219606, 48.323877976487623 ], [ -71.277108441774061, 48.324378744239525 ], [ -71.276854813339327, 48.324704639320679 ], [ -71.275945482447668, 48.325412394691575 ], [ -71.275267747373903, 48.325621449896254 ], [ -71.274827890230796, 48.325659550164239 ], [ -71.272499004543235, 48.325437381803738 ], [ -71.272235611293524, 48.325551438194502 ], [ -71.272118515044468, 48.325914154293706 ], [ -71.272262311026566, 48.326212031327053 ], [ -71.272978823711483, 48.326757195064239 ], [ -71.273979089482239, 48.328002571495226 ], [ -71.274248743437269, 48.328186990633967 ], [ -71.274624752154367, 48.328257211429737 ], [ -71.274980151426021, 48.328217263951473 ], [ -71.275993693754955, 48.327420752751728 ], [ -71.276535819175905, 48.327489775541203 ], [ -71.276926012247259, 48.327693870861985 ], [ -71.277163928917759, 48.328506040098659 ], [ -71.277262341114934, 48.330012555059142 ], [ -71.277112283143438, 48.331438814172316 ], [ -71.276754553808601, 48.332121397393664 ], [ -71.275380922388536, 48.333857905727619 ], [ -71.274714339399239, 48.334310374540756 ], [ -71.273542108896464, 48.33481558418611 ], [ -71.273162928662686, 48.334904156616282 ], [ -71.272628709794262, 48.334876110635776 ], [ -71.272229585618277, 48.334674390886953 ], [ -71.271920060468503, 48.333942970085268 ], [ -71.271723648024235, 48.332780939532554 ], [ -71.270959565046553, 48.331875104270793 ], [ -71.270318899540015, 48.331616924627433 ], [ -71.269575766268986, 48.331559521859312 ], [ -71.268744017132761, 48.332051968062338 ], [ -71.268651263804074, 48.332622941551982 ], [ -71.269015056178958, 48.333569929039399 ], [ -71.270162431323541, 48.335067758193368 ], [ -71.270558873391082, 48.335746039595001 ], [ -71.271339520121984, 48.336651824193616 ], [ -71.271509947489278, 48.33706839472238 ], [ -71.271481668861412, 48.337680574520938 ], [ -71.270930285129296, 48.339375425448004 ], [ -71.270581887846845, 48.339900450892394 ], [ -71.270062690898783, 48.34036435012559 ], [ -71.269561333212224, 48.340657757173446 ], [ -71.269145190566277, 48.340642131740083 ], [ -71.268812061211932, 48.340546593848792 ], [ -71.268089145304046, 48.340155383090853 ], [ -71.267082530027906, 48.339896400730211 ], [ -71.266605891643408, 48.339665269808918 ], [ -71.264363437406203, 48.337585086692322 ], [ -71.262797905796944, 48.335174154257203 ], [ -71.262094782885583, 48.334382307807999 ], [ -71.261328478954866, 48.333321931506688 ], [ -71.260299283158744, 48.331503894927067 ], [ -71.25985734863346, 48.330995502871133 ], [ -71.259286059875691, 48.330641567280786 ], [ -71.258672661403068, 48.330119969191166 ], [ -71.256564334482476, 48.327992728265897 ], [ -71.255847019786486, 48.327466084001571 ], [ -71.255232916332162, 48.327344755494074 ], [ -71.254471610213102, 48.327434265334396 ], [ -71.254160704120423, 48.327664207218632 ], [ -71.25407822851129, 48.327931561373006 ], [ -71.254126646869182, 48.328140706609126 ], [ -71.254311388137623, 48.32836110697324 ], [ -71.254820701531813, 48.328864077415233 ], [ -71.255249866681822, 48.329136272479921 ], [ -71.255880251790074, 48.32936804346317 ], [ -71.257671162870508, 48.329794718739095 ], [ -71.258036638767635, 48.330015597568305 ], [ -71.258501115869834, 48.330569810273609 ], [ -71.258965839495929, 48.331459258760525 ], [ -71.259433052206077, 48.332828326946519 ], [ -71.259603928165973, 48.333134414958863 ], [ -71.260071955579221, 48.333486168078828 ], [ -71.260372672689854, 48.334060701139727 ], [ -71.261527200611127, 48.334931625388514 ], [ -71.262359883683231, 48.335369039434816 ], [ -71.262796061872479, 48.336365610479241 ], [ -71.263349627573234, 48.337180585379812 ], [ -71.263853738053129, 48.337475641720864 ], [ -71.264324478235949, 48.338045514980045 ], [ -71.264974046116777, 48.338547545344774 ], [ -71.266060008897313, 48.339676999908718 ], [ -71.266252853488595, 48.34004051072629 ], [ -71.266099219181115, 48.340613280295685 ], [ -71.265397830488482, 48.341997950763606 ], [ -71.265028213412521, 48.342414568874894 ], [ -71.263935571630341, 48.343104992726992 ], [ -71.263719812728368, 48.343330569546758 ], [ -71.263655824951115, 48.343614911227569 ], [ -71.263818455446724, 48.345080878025314 ], [ -71.263648816399837, 48.345802535347367 ], [ -71.263334053334859, 48.346277442823911 ], [ -71.262055693885998, 48.347697930857812 ], [ -71.261754991410342, 48.348168064295137 ], [ -71.261358890291575, 48.349259501855414 ], [ -71.26092155220843, 48.350023398994004 ], [ -71.260871141561836, 48.350850892996355 ], [ -71.260678009844597, 48.35145184609015 ], [ -71.259930764988539, 48.351865152604191 ], [ -71.258118195440844, 48.352182881415835 ], [ -71.256998681994702, 48.352667863809486 ], [ -71.256502197486284, 48.353017959325499 ], [ -71.256412781283174, 48.353225303731051 ], [ -71.256421192318257, 48.353465828340873 ], [ -71.256541734368938, 48.353553211527817 ], [ -71.256751174127047, 48.353534822897508 ], [ -71.259067345811445, 48.352787555068957 ], [ -71.259813770122662, 48.352726554164647 ], [ -71.260479566194618, 48.352890970273293 ], [ -71.260668052737756, 48.353017139363807 ], [ -71.26079397897162, 48.353229189467392 ], [ -71.2607724983487, 48.354126535092355 ], [ -71.261262633217072, 48.354693649767995 ], [ -71.261125762970323, 48.355584946225427 ], [ -71.261292004123106, 48.355844845501238 ], [ -71.262466592219553, 48.356536404250861 ], [ -71.26361278928205, 48.357506750754879 ], [ -71.265931993160919, 48.358429381172044 ], [ -71.267428168446827, 48.359558131373802 ], [ -71.268289416306558, 48.359761559032222 ], [ -71.268506171146626, 48.359720621427044 ], [ -71.268595485904143, 48.359623871547583 ], [ -71.268409811135271, 48.358915355343228 ], [ -71.268255332576544, 48.358661900721053 ], [ -71.267547715665714, 48.357964106056805 ], [ -71.266761958368278, 48.356162553567067 ], [ -71.266364524732339, 48.355607178749636 ], [ -71.26634802981981, 48.355316185962657 ], [ -71.266662841598944, 48.355040813624001 ], [ -71.26724090282282, 48.354916676937705 ], [ -71.26850341188721, 48.355047405102795 ], [ -71.269676442795472, 48.354309729897629 ], [ -71.269971636265566, 48.354229034392581 ], [ -71.270643638845925, 48.354279749586986 ], [ -71.271175340423994, 48.354412428316429 ], [ -71.271788821806155, 48.354870799983125 ], [ -71.272256032538564, 48.355696850117511 ], [ -71.272747374010095, 48.358007827782878 ], [ -71.27293978848013, 48.358320908260573 ], [ -71.273554502844974, 48.358489728324109 ], [ -71.274259077400586, 48.358498469276327 ], [ -71.274954968772988, 48.358284235966487 ], [ -71.275792296983496, 48.357623954833244 ], [ -71.276191468647511, 48.357578501782797 ], [ -71.276870082837533, 48.357642830572331 ], [ -71.2770141254599, 48.357710615283303 ], [ -71.277045204749001, 48.357817902089188 ], [ -71.276970214960883, 48.359248732984298 ], [ -71.277078629603508, 48.359371968789311 ], [ -71.277266530601835, 48.359410931135841 ], [ -71.277580506800348, 48.359304094265944 ], [ -71.278232107338994, 48.357841643295423 ], [ -71.278278395440125, 48.357611886651299 ], [ -71.278151774346313, 48.357274284391458 ], [ -71.277357616839012, 48.35692010604064 ], [ -71.275998981100614, 48.356750321478707 ], [ -71.275451203005787, 48.356599245681743 ], [ -71.275195688598131, 48.356411597738891 ], [ -71.275023345465669, 48.356165200552667 ], [ -71.274985191858946, 48.355765641379179 ], [ -71.275085078875804, 48.355490505049978 ], [ -71.275883675206984, 48.354839537323521 ], [ -71.277478365183285, 48.353900414884457 ], [ -71.278451147308132, 48.353702134868577 ], [ -71.280329587417881, 48.353596205285804 ], [ -71.281144926265682, 48.353351291223404 ], [ -71.281762540288184, 48.352972219729757 ], [ -71.282118664331662, 48.352585459025619 ], [ -71.282201349669009, 48.352339242543543 ], [ -71.282270751735496, 48.351825948034779 ], [ -71.282259718180271, 48.35048327864309 ], [ -71.282404733388219, 48.349020429057347 ], [ -71.282552277754306, 48.348425055773355 ], [ -71.282993432647515, 48.347646997233056 ], [ -71.283465125890359, 48.34720781636787 ], [ -71.285601826393759, 48.346045177058173 ], [ -71.286727699672255, 48.345313805366665 ], [ -71.287374050896986, 48.344638642944624 ], [ -71.288176541598531, 48.343216077547559 ], [ -71.288586874877936, 48.342932462608182 ], [ -71.289630701261487, 48.342604000634488 ], [ -71.289974868178021, 48.342172988192594 ], [ -71.290385107918397, 48.341471746272958 ], [ -71.290604471123089, 48.340809720946076 ], [ -71.290410918592414, 48.339932294008314 ], [ -71.290219014669532, 48.339494669749214 ], [ -71.289838353092051, 48.339023501640483 ], [ -71.288471043821971, 48.338563329686771 ], [ -71.287868423418374, 48.338123354527639 ], [ -71.287733077726159, 48.337920530434282 ], [ -71.28724592131303, 48.336415406206498 ], [ -71.286760180256195, 48.335681866864903 ], [ -71.286690349066248, 48.335485406062553 ], [ -71.28672191726541, 48.33523247560408 ], [ -71.286919585920273, 48.334790370385385 ], [ -71.28711127736257, 48.334594257524742 ], [ -71.288128800947632, 48.334070324996162 ], [ -71.288423775180362, 48.333078795717761 ], [ -71.289143186904354, 48.332667940223587 ], [ -71.289539706624538, 48.331905521421703 ], [ -71.289936053425038, 48.331524605642166 ], [ -71.290972158691105, 48.331146008951308 ], [ -71.292910127182637, 48.331218318118395 ], [ -71.29316760938552, 48.331044893229695 ], [ -71.293188639958245, 48.330737388178811 ], [ -71.293106712022308, 48.330523682828684 ], [ -71.292642849195261, 48.330209739295633 ], [ -71.290512433236955, 48.328228845832783 ], [ -71.289967925246643, 48.327554681875903 ], [ -71.28978783416953, 48.327069157397482 ], [ -71.289770867119117, 48.326780233003994 ], [ -71.2902353499192, 48.324793695257931 ], [ -71.290197685759907, 48.324511447435491 ], [ -71.289994409347457, 48.324256354840493 ], [ -71.288786619025728, 48.324039997827732 ], [ -71.288550502679243, 48.323887981446944 ], [ -71.288426936985815, 48.323662785058985 ], [ -71.288334256165911, 48.32312917229828 ], [ -71.288338558403922, 48.322494394013496 ], [ -71.287279433137329, 48.321087173024793 ], [ -71.287239881118779, 48.320807024413213 ], [ -71.287303645192097, 48.320579836078139 ], [ -71.287565309050379, 48.320073281540154 ], [ -71.288848432140057, 48.319305575225556 ], [ -71.289394479478091, 48.318740225433189 ], [ -71.289619188217713, 48.318257577021257 ], [ -71.289731438617821, 48.317441477450856 ], [ -71.290027156505147, 48.316708808707681 ], [ -71.29118760944182, 48.315360243354675 ], [ -71.292007516328425, 48.314549188727682 ], [ -71.292803205519334, 48.31350979706437 ], [ -71.293096940702554, 48.312993379532955 ], [ -71.293352093179749, 48.312223597953476 ], [ -71.295398279732666, 48.310638087690187 ], [ -71.296121426804362, 48.310348557039809 ], [ -71.296689274296853, 48.310298420063653 ], [ -71.29743954893101, 48.310470278846857 ], [ -71.297813648426683, 48.3107822545471 ], [ -71.297664402503642, 48.311351227239037 ], [ -71.297321180211398, 48.311769287862695 ], [ -71.296031294373265, 48.312781417495266 ], [ -71.296022234476609, 48.313093319789672 ], [ -71.296466525016726, 48.313314383897271 ], [ -71.296924110783536, 48.313247823013548 ], [ -71.298198022876605, 48.31253107375948 ], [ -71.300818942714784, 48.311815913179316 ] ] } },
{ "type": "Feature", "properties": { "PROFONDEUR_M": 3.05 }, "geometry": { "type": "LineString", "coordinates": [ [ -71.36936171386138, 48.330449461771877 ], [ -71.370255496865383, 48.330682408870672 ], [ -71.372211364950061, 48.3316536920738 ], [ -71.372589215329015, 48.332021495984826 ], [ -71.372613657275437, 48.332181516553241 ], [ -71.372506538619433, 48.33252184780828 ], [ -71.37233881420245, 48.332628117962656 ], [ -71.372037978528439, 48.33263933622419 ], [ -71.37086835256784, 48.332466296746361 ], [ -71.37013707512746, 48.332227949591349 ], [ -71.368797647278996, 48.332026750044527 ], [ -71.368417814033904, 48.331877588990999 ], [ -71.367528578635287, 48.331303220629508 ], [ -71.367288927094961, 48.33103677719803 ], [ -71.367228791604916, 48.330834850160535 ], [ -71.367332436348903, 48.330480810883728 ], [ -71.367679722430836, 48.330304304177098 ], [ -71.368387772847328, 48.330277856553131 ], [ -71.36936171386138, 48.330449461771877 ] ] } },
{ "type": "Feature", "properties": { "PROFONDEUR_M": 6.71 }, "geometry": { "type": "LineString", "coordinates": [ [ -71.466778506500034, 48.364716165604065 ], [ -71.466806818042798, 48.364602797021028 ], [ -71.4666040733659, 48.364597782296727 ], [ -71.466593897754066, 48.364694694920928 ], [ -71.466778506500034, 48.364716165604065 ] ] } },
{ "type": "Feature", "properties": { "PROFONDEUR_M": 3.05 }, "geometry": { "type": "LineString", "coordinates": [ [ -71.493756012867195, 48.383590258304658 ], [ -71.49443532401331, 48.384495429645703 ], [ -71.495484158986741, 48.385049287669439 ], [ -71.496740568806047, 48.386067313191617 ], [ -71.497076373640795, 48.386611183039776 ], [ -71.497017472973752, 48.386902981778697 ], [ -71.496585965694663, 48.386970322023267 ], [ -71.49593958980816, 48.386720479194366 ], [ -71.49568898568684, 48.386510127095974 ], [ -71.495219931259598, 48.385666700993482 ], [ -71.494347606723807, 48.385140238095111 ], [ -71.492810387965406, 48.384761744836219 ], [ -71.492117983682775, 48.384239936947949 ], [ -71.490688828246917, 48.383454402767306 ], [ -71.488991913932622, 48.38312171156344 ], [ -71.488651648885778, 48.382980830706877 ], [ -71.488548762086765, 48.382800679333286 ], [ -71.488809184994253, 48.382356869267049 ], [ -71.488848393108185, 48.382147610663687 ], [ -71.488802057337338, 48.381906321592027 ], [ -71.488658735598918, 48.381746703783257 ], [ -71.488208119967226, 48.381610385061805 ], [ -71.486637716418173, 48.381641818325278 ], [ -71.486250624493564, 48.38152961559279 ], [ -71.486142047190071, 48.381262960405316 ], [ -71.486388931265964, 48.380506633660396 ], [ -71.486447274644505, 48.379739692443358 ], [ -71.486677013819516, 48.378955052677462 ], [ -71.48668442900329, 48.378474437545236 ], [ -71.486369253273395, 48.378041456333989 ], [ -71.485311537120722, 48.377061734605626 ], [ -71.485245383130191, 48.376901471827566 ], [ -71.485291515899164, 48.376747107947857 ], [ -71.48557098578172, 48.37663304091128 ], [ -71.486017572894539, 48.376681175600147 ], [ -71.487338630964544, 48.377650030493669 ], [ -71.487984557682807, 48.377906039584708 ], [ -71.488090663514214, 48.378055802662111 ], [ -71.488177495452547, 48.378651031236132 ], [ -71.488380316083024, 48.379139702252061 ], [ -71.488953361351875, 48.379875126818398 ], [ -71.490194428805182, 48.380754161466044 ], [ -71.49080757124419, 48.381306992356379 ], [ -71.492204916523306, 48.38197950360356 ], [ -71.493756012867195, 48.383590258304658 ] ] } },
{ "type": "Feature", "properties": { "PROFONDEUR_M": 64.01 }, "geometry": { "type": "LineString", "coordinates": [ [ -71.510882535449113, 48.344616596379808 ], [ -71.509994266008917, 48.344087370639194 ], [ -71.509553184848954, 48.343961060967857 ], [ -71.509045734213046, 48.34391925437329 ], [ -71.50780642028748, 48.344063048972224 ], [ -71.506529525769878, 48.343908152445103 ], [ -71.503164455515801, 48.343190461941262 ], [ -71.501296323427241, 48.34302312880682 ], [ -71.500017319826, 48.342750632596996 ], [ -71.497808141848495, 48.342127402051503 ], [ -71.495329098750744, 48.341726109202803 ], [ -71.494133367499288, 48.341616417932457 ], [ -71.492701296545562, 48.341564074680406 ], [ -71.490413382570537, 48.341682457280889 ], [ -71.485851797688724, 48.342363520730061 ], [ -71.484816962574314, 48.342371965924109 ], [ -71.48332165825154, 48.342137844113466 ], [ -71.481325266897002, 48.341569601951036 ], [ -71.479395226432914, 48.340916894343586 ], [ -71.478558626676858, 48.340544964195466 ], [ -71.477508066960823, 48.339802899453197 ], [ -71.476770194470419, 48.338864621299777 ], [ -71.476205436971398, 48.338332137895435 ], [ -71.475402762493673, 48.337984178485449 ], [ -71.474441913330054, 48.337409144304118 ], [ -71.47279859152485, 48.337178201078622 ], [ -71.471766415699406, 48.337284012606247 ], [ -71.471056751607932, 48.337257548885702 ], [ -71.468240744786357, 48.336680209909204 ], [ -71.466888002873972, 48.336276258946903 ], [ -71.466047258313253, 48.335918790616226 ], [ -71.465279565144542, 48.335526428997944 ], [ -71.464938544640191, 48.335271245311979 ], [ -71.464900059582519, 48.335150082938036 ], [ -71.465060650605295, 48.335045207940652 ], [ -71.466213820679314, 48.335019830126008 ], [ -71.468477593716273, 48.33450975503149 ], [ -71.469572423872336, 48.33437726462855 ], [ -71.474981981447471, 48.33507191761894 ], [ -71.478456942193702, 48.335405780161146 ], [ -71.4820692578555, 48.335999984766076 ], [ -71.484965277833282, 48.336855356182774 ], [ -71.486176520736478, 48.33741736601074 ], [ -71.486759998332346, 48.33820600125771 ], [ -71.487459123159653, 48.338548420757576 ], [ -71.488113386655073, 48.338607505704708 ], [ -71.489934123855321, 48.338553365306154 ], [ -71.490773137992889, 48.338451488122793 ], [ -71.492911690658232, 48.337825298539137 ], [ -71.493742654361526, 48.337791835348469 ], [ -71.494540045985957, 48.337864950017568 ], [ -71.500923902017377, 48.33929103311231 ], [ -71.502353421097453, 48.339499536922844 ], [ -71.507245208630763, 48.339988792725926 ], [ -71.508167910415366, 48.340217588894454 ], [ -71.51086453661425, 48.34118478745058 ], [ -71.51472043493402, 48.341732248665586 ], [ -71.515705494928085, 48.341735932304559 ], [ -71.517891718218124, 48.341943076266915 ], [ -71.51957957524175, 48.342618234366931 ], [ -71.521491341441291, 48.343246474603305 ], [ -71.525141501420478, 48.343984768925601 ], [ -71.525341948417591, 48.34415070009095 ], [ -71.525118878379772, 48.344347802200765 ], [ -71.523452373795848, 48.344769037035704 ], [ -71.522743590796708, 48.344916221031859 ], [ -71.52135484236868, 48.345039181049252 ], [ -71.518903987914527, 48.344921623822138 ], [ -71.516175585482742, 48.344882682296053 ], [ -71.515136032723078, 48.344961976104436 ], [ -71.51258806070426, 48.344875539340499 ], [ -71.510882535449113, 48.344616596379808 ] ] } },
{ "type": "Feature", "properties": { "PROFONDEUR_M": 54.86 }, "geometry": { "type": "LineString", "coordinates": [ [ -71.229089298386882, 48.295701405239946 ], [ -71.23082664136659, 48.295876648838231 ], [ -71.231031440852604, 48.296036136336888 ], [ -71.230403155030288, 48.2964393015355 ], [ -71.229812192163237, 48.296501420311706 ], [ -71.228536775214891, 48.296253456716393 ], [ -71.228190933618606, 48.296049075747014 ], [ -71.228018914052001, 48.295859333092139 ], [ -71.227962677536553, 48.295667493002185 ], [ -71.22799704474285, 48.295531616533161 ], [ -71.228183880639122, 48.295479900707157 ], [ -71.229089298386882, 48.295701405239946 ] ] } },
{ "type": "Feature", "properties": { "PROFONDEUR_M": 6.1 }, "geometry": { "type": "LineString", "coordinates": [ [ -71.250277632063771, 48.322280268642118 ], [ -71.251780208001179, 48.323943962351365 ], [ -71.251865592723419, 48.324178910296347 ], [ -71.251817454572048, 48.324358679487389 ], [ -71.2508418154666, 48.324289995198633 ], [ -71.250127496725909, 48.324048690838382 ], [ -71.2496446841416, 48.322454791595675 ], [ -71.24921621042219, 48.321969250608291 ], [ -71.248341071596798, 48.321375717052426 ], [ -71.248118914533293, 48.321051948341406 ], [ -71.248104402478248, 48.320878214782162 ], [ -71.248570394968212, 48.320826034504741 ], [ -71.248991565338216, 48.320986948571083 ], [ -71.250277632063771, 48.322280268642118 ] ] } },
{ "type": "Feature", "properties": { "PROFONDEUR_M": 12.19 }, "geometry": { "type": "LineString", "coordinates": [ [ -71.319066684278141, 48.31082772857927 ], [ -71.317777383322294, 48.310987417600025 ], [ -71.316930245421489, 48.310993716127093 ], [ -71.315185966590747, 48.310734035131041 ], [ -71.31422156933624, 48.310487803944703 ], [ -71.312754521717579, 48.310321976297168 ], [ -71.311438297997654, 48.310386235266819 ], [ -71.309925180116039, 48.310315549745638 ], [ -71.309376093911169, 48.310231026998935 ], [ -71.306818255473431, 48.309494760222336 ], [ -71.303884238256742, 48.30893137412918 ], [ -71.298783166212232, 48.308335315348472 ], [ -71.296853207019325, 48.30826373535286 ], [ -71.294348876171853, 48.308506993315255 ], [ -71.293943809050035, 48.308339049485383 ], [ -71.293790604493239, 48.30801918311117 ], [ -71.293839062490676, 48.307789618054237 ], [ -71.294336026753356, 48.307260580795791 ], [ -71.297250036056909, 48.304836533124451 ], [ -71.297908248056615, 48.304413735414997 ], [ -71.298750968914959, 48.304081419910048 ] ] } },
{ "type": "Feature", "properties": { "PROFONDEUR_M": 3.05 }, "geometry": { "type": "LineString", "coordinates": [ [ -71.281932787724315, 48.33850700443012 ], [ -71.282688975776225, 48.339043733125749 ], [ -71.283044432539256, 48.339172962977322 ], [ -71.285165580536955, 48.339453888380447 ], [ -71.285348534998661, 48.339585033728817 ], [ -71.285674996916086, 48.340151761697236 ], [ -71.286183205697299, 48.340507644537382 ], [ -71.286460285521173, 48.340909942162959 ], [ -71.286499157642112, 48.341159376571909 ], [ -71.286379720806949, 48.341591223532717 ], [ -71.285978125744421, 48.34213843312935 ], [ -71.285305810548934, 48.342477880644999 ], [ -71.284411975299491, 48.34274036998454 ], [ -71.284086561039388, 48.342976964947972 ], [ -71.283974855875002, 48.343278490855369 ], [ -71.284043656849931, 48.343869042948079 ], [ -71.28384520157006, 48.344079497387185 ], [ -71.283434847713053, 48.34404059284136 ], [ -71.28308651532609, 48.343604672596783 ], [ -71.282973413915741, 48.343333519700842 ], [ -71.283176228251463, 48.342295679584275 ], [ -71.283077495000668, 48.342133521582753 ], [ -71.282351015267921, 48.341778567422736 ], [ -71.282214936014043, 48.34116236339073 ], [ -71.279672210394224, 48.339644238100959 ], [ -71.279524463704377, 48.339410917497979 ], [ -71.279457273644269, 48.338999541461 ], [ -71.27954477666529, 48.338385037149322 ], [ -71.279855336104205, 48.337951608221381 ], [ -71.280131856351673, 48.337807669609731 ], [ -71.280708846125307, 48.337751548355733 ], [ -71.281081733285589, 48.337830047939519 ], [ -71.281490878358142, 48.338061491873582 ], [ -71.281932787724315, 48.33850700443012 ] ] } },
{ "type": "Feature", "properties": { "PROFONDEUR_M": 97.54 }, "geometry": { "type": "LineString", "coordinates": [ [ -71.495488040044577, 48.338691883317438 ], [ -71.497681979016946, 48.339049325313859 ], [ -71.497909601648871, 48.339130746832161 ], [ -71.497927006072274, 48.339236271234725 ], [ -71.497791672456628, 48.339306310964481 ], [ -71.496522726493453, 48.339401606079058 ], [ -71.495881800613105, 48.339388851405026 ], [ -71.494011117163964, 48.339167664215751 ], [ -71.493758847717856, 48.339083960046111 ], [ -71.493616392957392, 48.338938043828641 ], [ -71.493712310086622, 48.338744681175434 ], [ -71.494153171913325, 48.33855625531352 ], [ -71.495488040044577, 48.338691883317438 ] ] } },
{ "type": "Feature", "properties": { "PROFONDEUR_M": 82.3 }, "geometry": { "type": "LineString", "coordinates": [ [ -71.359752512588727, 48.311942680096472 ], [ -71.361815193388281, 48.312041993222081 ], [ -71.36384672053893, 48.31250268449228 ], [ -71.364996938839425, 48.312649524740792 ], [ -71.369201624397974, 48.312845411925821 ], [ -71.371694381812489, 48.313041611367311 ], [ -71.374747025636637, 48.313547598568682 ], [ -71.375222119469257, 48.313856515941787 ], [ -71.375375119915347, 48.314054146095572 ], [ -71.375381237281374, 48.314235345345352 ], [ -71.375235036238749, 48.314418930334057 ], [ -71.374794444775844, 48.314503696226716 ], [ -71.373288653102776, 48.314573430795392 ], [ -71.370525921405445, 48.31451399870506 ], [ -71.369812118770184, 48.314432260083727 ], [ -71.368804233085058, 48.314157985011924 ], [ -71.364527149592661, 48.313337823009235 ], [ -71.362325318542162, 48.313088354572727 ], [ -71.360000873320374, 48.313152468257265 ], [ -71.358683907408818, 48.313389073378623 ], [ -71.357408892697109, 48.31380966094882 ], [ -71.35501629557659, 48.314255665804119 ], [ -71.354397160146874, 48.314197732189761 ], [ -71.354041223851141, 48.313857901650302 ], [ -71.35407138601208, 48.313684284236473 ], [ -71.354281365578544, 48.313531331758526 ], [ -71.3563657044416, 48.312467534982083 ], [ -71.357404710570478, 48.312031015065273 ], [ -71.358516768971086, 48.311880871148276 ], [ -71.359752512588727, 48.311942680096472 ] ] } },
{ "type": "Feature", "properties": { "PROFONDEUR_M": 6.1 }, "geometry": { "type": "LineString", "coordinates": [ [ -71.385559081945289, 48.335281735952137 ], [ -71.386926206459563, 48.334972711181884 ], [ -71.388502267083808, 48.335031431699839 ], [ -71.389375904536621, 48.335302264891055 ], [ -71.389736310502585, 48.335700789664479 ], [ -71.389777063168339, 48.335993580644299 ], [ -71.389619077158713, 48.336269211503804 ], [ -71.389218853367552, 48.336488990281218 ], [ -71.388708082164626, 48.336575758819677 ], [ -71.387845147435925, 48.336525434869955 ], [ -71.387373598560231, 48.336604847937636 ], [ -71.38710927849236, 48.33692585268728 ], [ -71.386773207538241, 48.337743796860899 ], [ -71.386475005511613, 48.338022861858803 ], [ -71.385556176348544, 48.338268878612638 ], [ -71.384912299742894, 48.338226747488775 ], [ -71.384480035519559, 48.337988389996973 ], [ -71.383865039625661, 48.337174771912373 ], [ -71.383687720147137, 48.336758533725813 ], [ -71.383679745903791, 48.336242939845263 ], [ -71.383810049257576, 48.335923389328215 ], [ -71.384237235462564, 48.335630257283846 ], [ -71.384588538277256, 48.335480271270754 ], [ -71.385559081945289, 48.335281735952137 ] ] } },
{ "type": "Feature", "properties": { "PROFONDEUR_M": 64.01 }, "geometry": { "type": "LineString", "coordinates": [ [ -71.272497215756161, 48.29966051327208 ], [ -71.27522709355047, 48.300068782636977 ], [ -71.279290500695012, 48.300913118459611 ], [ -71.280891651825712, 48.301321249191226 ], [ -71.281160950666518, 48.301447954036419 ], [ -71.281219961689331, 48.301618989552182 ], [ -71.28098719900018, 48.301894387304721 ], [ -71.280589898069763, 48.301951550754332 ], [ -71.279002608856175, 48.302004951436231 ], [ -71.273291694757901, 48.302607982758573 ], [ -71.27257566834615, 48.302570239907361 ], [ -71.27189784029126, 48.302263975348559 ], [ -71.270604086945525, 48.301460056071626 ], [ -71.268207088982223, 48.299825114292574 ], [ -71.266948467427483, 48.299267005771938 ], [ -71.265493643500406, 48.2988218437021 ], [ -71.265292864171386, 48.29872420137734 ], [ -71.265261015651305, 48.298601612440102 ], [ -71.265362375257425, 48.298501485108702 ], [ -71.265599633507108, 48.298505404597826 ], [ -71.272497215756161, 48.29966051327208 ] ] } },
{ "type": "Feature", "properties": { "PROFONDEUR_M": 3.05 }, "geometry": { "type": "LineString", "coordinates": [ [ -71.270751757016882, 48.32932462178016 ], [ -71.270642164764951, 48.329020709353202 ], [ -71.270664363156541, 48.328628380228196 ], [ -71.271086429019405, 48.328472114685091 ], [ -71.271394280333084, 48.328567344599875 ], [ -71.271907065884548, 48.329256361308829 ], [ -71.271847872983372, 48.329417185017157 ], [ -71.27135389725062, 48.32994768745332 ], [ -71.271145031678472, 48.329868177785677 ], [ -71.270751757016882, 48.32932462178016 ] ] } },
{ "type": "Feature", "properties": { "PROFONDEUR_M": 12.19 }, "geometry": { "type": "LineString", "coordinates": [ [ -71.273242140201162, 48.338628870879212 ], [ -71.273541205642672, 48.340436335615792 ], [ -71.273501920590476, 48.340936475289318 ], [ -71.272250563951033, 48.342791817878634 ], [ -71.27187560111841, 48.343073329930185 ], [ -71.271402592162303, 48.343240584534435 ], [ -71.269928806321161, 48.343222559954881 ], [ -71.268340546943307, 48.343896820592384 ], [ -71.267892316018859, 48.34419084970289 ], [ -71.266655583927118, 48.345352527234105 ], [ -71.265721488865225, 48.346384712723314 ], [ -71.26533207013172, 48.346678686136244 ], [ -71.265095324291025, 48.346670716311451 ], [ -71.265061569171081, 48.346500173693485 ], [ -71.265204131026266, 48.346019549264533 ], [ -71.26551223140109, 48.34547727864193 ], [ -71.26688762053108, 48.343726480563973 ], [ -71.267141989523367, 48.343505436678861 ], [ -71.268033840006936, 48.343011915420895 ], [ -71.270056945735575, 48.34255523187548 ], [ -71.270543020658749, 48.342335476582903 ], [ -71.270833623485572, 48.342108715112943 ], [ -71.271659227429069, 48.340370112614721 ], [ -71.271903606847275, 48.339144205565347 ], [ -71.271984715040077, 48.337860431312045 ], [ -71.272161215371071, 48.337519821441063 ], [ -71.27254666469463, 48.337377868181875 ], [ -71.273010606304794, 48.337493706930196 ], [ -71.273242140201162, 48.338628870879212 ] ] } },
{ "type": "Feature", "properties": { "PROFONDEUR_M": 9.14 }, "geometry": { "type": "LineString", "coordinates": [ [ -71.379158331473405, 48.33334419380818 ], [ -71.381551745690459, 48.333714922450852 ], [ -71.382777725197272, 48.334098062834677 ], [ -71.383039900694484, 48.334253841949838 ], [ -71.383240470534759, 48.334529218817551 ], [ -71.383369792926942, 48.334815180374363 ], [ -71.38333289483154, 48.335206670260646 ], [ -71.383067334589612, 48.335461494939494 ], [ -71.382559832386846, 48.335630119339783 ], [ -71.382275288312869, 48.335658936302146 ], [ -71.381832015649294, 48.33556658670576 ], [ -71.381530097458281, 48.335398537460392 ], [ -71.381022733689875, 48.334860920803102 ], [ -71.380506169769546, 48.334558250080121 ], [ -71.379510352664312, 48.334171569346466 ], [ -71.377870728106458, 48.333870287154234 ], [ -71.377362456337281, 48.333541698049771 ], [ -71.377262065730264, 48.333354893848821 ], [ -71.377376281567706, 48.333204166928958 ], [ -71.37768853159713, 48.333158628303295 ], [ -71.379158331473405, 48.33334419380818 ] ] } },
{ "type": "Feature", "properties": { "PROFONDEUR_M": 6.1 }, "geometry": { "type": "LineString", "coordinates": [ [ -71.281150714539294, 48.347915882196929 ], [ -71.281514168657608, 48.348026036083404 ], [ -71.281671732455294, 48.348233076597438 ], [ -71.28173932565106, 48.348524003625997 ], [ -71.281651761185259, 48.349255005875868 ], [ -71.281424906105457, 48.349466064276704 ], [ -71.281069197546799, 48.349629777391954 ], [ -71.280312812243892, 48.34961852519308 ], [ -71.27973810334754, 48.348784157376706 ], [ -71.279705952355101, 48.348586532248454 ], [ -71.279785302675506, 48.348278351572418 ], [ -71.279973575799531, 48.348114907417845 ], [ -71.280375838126076, 48.347965382290781 ], [ -71.280764167417715, 48.347886180847468 ], [ -71.281150714539294, 48.347915882196929 ] ] } },
{ "type": "Feature", "properties": { "PROFONDEUR_M": 54.86 }, "geometry": { "type": "LineString", "coordinates": [ [ -71.227519362838507, 48.294716562330109 ], [ -71.228854867179024, 48.295052867515693 ], [ -71.229775384754745, 48.295463409314372 ], [ -71.231142015778047, 48.295359962154848 ], [ -71.231635279764077, 48.295405436569979 ], [ -71.231892582979924, 48.295559666567428 ], [ -71.231960144076737, 48.295899959598302 ], [ -71.231684977928126, 48.296256853642539 ], [ -71.230998443084758, 48.296685196033394 ], [ -71.230258698106709, 48.296874163239636 ], [ -71.229689653660188, 48.296877153408687 ], [ -71.229107738761172, 48.296760611321986 ], [ -71.228092334309537, 48.296413922134647 ], [ -71.226376706312266, 48.295577610721928 ], [ -71.224276572741033, 48.294796115941431 ], [ -71.222219192818997, 48.294472748718334 ], [ -71.218531469085704, 48.294443640370915 ], [ -71.217241342228917, 48.294147961187981 ], [ -71.216615867362833, 48.293881608838525 ], [ -71.216556592754998, 48.293764455335229 ], [ -71.216721877310974, 48.293581744083028 ], [ -71.217029257816364, 48.293546817931521 ], [ -71.218821692016789, 48.293714142666722 ], [ -71.221871938634024, 48.294137528984542 ], [ -71.227519362838507, 48.294716562330109 ] ] } },
{ "type": "Feature", "properties": { "PROFONDEUR_M": 102.41 }, "geometry": { "type": "LineString", "coordinates": [ [ -71.322582179339449, 48.308210234109843 ], [ -71.322051284076295, 48.308149080409727 ], [ -71.321968378465797, 48.308443388185893 ], [ -71.322503850975849, 48.308517202460273 ], [ -71.322582179339449, 48.308210234109843 ] ] } },
{ "type": "Feature", "properties": { "PROFONDEUR_M": 3.05 }, "geometry": { "type": "LineString", "coordinates": [ [ -71.487035132749568, 48.371222165791714 ], [ -71.487089552636775, 48.37105659063846 ], [ -71.486776531775803, 48.371022171951942 ], [ -71.486735277741715, 48.371177728452594 ], [ -71.487035132749568, 48.371222165791714 ] ] } },
{ "type": "Feature", "properties": { "PROFONDEUR_M": 18.29 }, "geometry": { "type": "LineString", "coordinates": [ [ -71.509131742427954, 48.345719105952433 ], [ -71.502427979299767, 48.344629258143861 ], [ -71.500907620987533, 48.344564219052835 ], [ -71.499258953086823, 48.344655691804142 ], [ -71.498247835066195, 48.344620947729837 ], [ -71.495323735745359, 48.344170916969631 ], [ -71.493108444392632, 48.343684596470162 ], [ -71.492275173550198, 48.343681878737328 ], [ -71.490138551532581, 48.343974792282658 ], [ -71.488672087891331, 48.344008470326159 ], [ -71.48771400930606, 48.343908421056817 ], [ -71.486786710718903, 48.34403614380733 ], [ -71.484819895257345, 48.344090905985524 ], [ -71.483332486222778, 48.343873330375374 ], [ -71.481427622187226, 48.343390244313987 ], [ -71.478856661193674, 48.342532248070086 ], [ -71.476310514912598, 48.341318430751713 ], [ -71.475034511205919, 48.341054587588104 ], [ -71.473072895116303, 48.340347296401404 ], [ -71.470661519518316, 48.338752040304065 ], [ -71.469536978009401, 48.338324777423736 ], [ -71.467875401038896, 48.337929121543183 ], [ -71.464850859619716, 48.337538160706544 ], [ -71.463378406090541, 48.337189899721878 ], [ -71.459767103559102, 48.33596522470296 ], [ -71.454050754075453, 48.334288937548116 ], [ -71.453621010460182, 48.334049527498685 ], [ -71.452431652879483, 48.333054334118167 ], [ -71.451281129137612, 48.332492762366009 ], [ -71.451018531465152, 48.332289966979332 ], [ -71.450374465403726, 48.331383262273349 ], [ -71.45026867496405, 48.331022479104917 ], [ -71.450278641733775, 48.330593303330602 ], [ -71.450424950147948, 48.330383473617857 ], [ -71.450952293179427, 48.330072746408845 ], [ -71.451494477000693, 48.329897628291256 ], [ -71.452050592878265, 48.329831674930368 ], [ -71.457199606271729, 48.330428223544764 ], [ -71.458025430879985, 48.330572535475511 ], [ -71.458706571434888, 48.330824696215075 ], [ -71.459840555297589, 48.331388045674146 ], [ -71.460992293048292, 48.332158309521304 ], [ -71.461984479588466, 48.332507672727161 ], [ -71.462822695110319, 48.332666831080637 ], [ -71.463550245618094, 48.332687569847216 ], [ -71.464046606490143, 48.332595187155363 ], [ -71.465642751269939, 48.332026044636592 ], [ -71.467542583989598, 48.33184833537215 ], [ -71.46953418867075, 48.332153436225894 ], [ -71.472132118436704, 48.332881399727754 ], [ -71.474511693465814, 48.333301090504222 ], [ -71.475102460702516, 48.333297883806836 ], [ -71.476499162127553, 48.333004879234132 ], [ -71.477240987442983, 48.332990186548024 ], [ -71.478257982417006, 48.333273072928201 ], [ -71.479690072206409, 48.334110672626785 ], [ -71.482440019997895, 48.335071404782319 ], [ -71.487133872294834, 48.336198094806932 ], [ -71.48927793559794, 48.336635407803477 ], [ -71.490563531224751, 48.337067409837687 ], [ -71.491302168536635, 48.337121537815491 ], [ -71.492703425118023, 48.336876232540043 ], [ -71.494338180503192, 48.337003343367286 ], [ -71.496549553991116, 48.337502817949137 ], [ -71.498528633491276, 48.338094316014484 ], [ -71.50042688577804, 48.338530751805294 ], [ -71.508667222937859, 48.339424363521637 ], [ -71.512019823152812, 48.340482890037798 ], [ -71.513860779208628, 48.340548173024388 ], [ -71.515054213481008, 48.340876361634386 ], [ -71.516346713123767, 48.340779619306993 ], [ -71.517556357760341, 48.340817942226295 ], [ -71.521081656187434, 48.341584945597511 ], [ -71.522345318793867, 48.341696881802179 ], [ -71.524497034556688, 48.342616322671034 ], [ -71.525395535442399, 48.3428776284428 ], [ -71.527871754070205, 48.343292166805163 ], [ -71.530686136310536, 48.343890235349093 ], [ -71.534212270198282, 48.344833041732024 ], [ -71.535258946493713, 48.345272973725073 ], [ -71.536474844261292, 48.345967627420045 ], [ -71.537303386087132, 48.346123594848088 ], [ -71.539788334570602, 48.347003650462106 ], [ -71.543541718825537, 48.348051957590037 ], [ -71.545491086547756, 48.349139927853486 ], [ -71.546337971401542, 48.349923393468664 ], [ -71.547770264372062, 48.351591249725885 ], [ -71.550047723268747, 48.352900369884928 ], [ -71.551110865871735, 48.353705709335351 ], [ -71.553234703720932, 48.355862797951062 ], [ -71.55359646180986, 48.356813754497288 ], [ -71.55366261256971, 48.357418609901238 ], [ -71.553544787683833, 48.357608842182586 ], [ -71.553319914324319, 48.357693148271743 ], [ -71.552476464590328, 48.357712702930868 ], [ -71.550278297278183, 48.357124141647681 ], [ -71.549180925489878, 48.357014747267051 ], [ -71.54836255523071, 48.357032161816633 ], [ -71.546060128750298, 48.357560244599 ], [ -71.545227127017057, 48.357581546083523 ], [ -71.544307067741073, 48.357378995520236 ], [ -71.543407824946925, 48.357082265068449 ], [ -71.542891462220808, 48.356800650742599 ], [ -71.542462499409183, 48.356370944397078 ], [ -71.541872963919602, 48.355247988959398 ], [ -71.541410252759732, 48.35475452140718 ], [ -71.539986222729453, 48.353665392970683 ], [ -71.539086751322444, 48.353145867959874 ], [ -71.538639809537258, 48.35279683047407 ], [ -71.53753190368424, 48.351462330881716 ], [ -71.535655743584456, 48.350492745534723 ], [ -71.534807635547466, 48.350156251492081 ], [ -71.531678755737573, 48.349217454741371 ], [ -71.527637794131905, 48.348387205667208 ], [ -71.527103845740257, 48.348476531455226 ], [ -71.525674093521843, 48.34901608849858 ], [ -71.524429872827426, 48.349268033230473 ], [ -71.523095903081824, 48.349293125281882 ], [ -71.522028607664822, 48.349178237885184 ], [ -71.521539638722402, 48.349042546950933 ], [ -71.520241086698903, 48.348398740744734 ], [ -71.517878645011592, 48.346726737328304 ], [ -71.517108947581548, 48.346448714198203 ] ] } },
{ "type": "Feature", "properties": { "PROFONDEUR_M": 3.05 }, "geometry": { "type": "LineString", "coordinates": [ [ -71.225705622503355, 48.305052161048025 ], [ -71.224164956615908, 48.305264669405013 ], [ -71.223560043118312, 48.305430332972037 ], [ -71.222910261845215, 48.305799202715427 ], [ -71.222238721219327, 48.306485322881429 ], [ -71.220960497274433, 48.30737445081315 ], [ -71.220284582451228, 48.307549834043861 ], [ -71.218178483758166, 48.307804739169399 ], [ -71.216708035745668, 48.308808200327185 ], [ -71.215837765385075, 48.308758155108826 ], [ -71.211974417079816, 48.308083871719063 ] ] } },
{ "type": "Feature", "properties": { "PROFONDEUR_M": 73.15 }, "geometry": { "type": "LineString", "coordinates": [ [ -71.335499725517138, 48.311826198879196 ], [ -71.336398243810393, 48.311754509367844 ], [ -71.338085558087812, 48.311304444672039 ], [ -71.339019352649018, 48.311196715405806 ], [ -71.339570275535465, 48.311244965461796 ], [ -71.341677396157664, 48.311778301341882 ], [ -71.341868496137806, 48.31192303249761 ], [ -71.34177790166018, 48.312054264037016 ], [ -71.340857709140764, 48.312408349402233 ], [ -71.340159165363858, 48.312780937144836 ], [ -71.339128445494438, 48.313503230919622 ], [ -71.338278337178508, 48.313645276479228 ], [ -71.335756681476965, 48.313015124653965 ], [ -71.334475486014398, 48.312467335958331 ], [ -71.333988996520702, 48.312083317897496 ], [ -71.334010535952515, 48.311946686233263 ], [ -71.334190637882259, 48.311866062040401 ], [ -71.335499725517138, 48.311826198879196 ] ] } },
{ "type": "Feature", "properties": { "PROFONDEUR_M": 6.1 }, "geometry": { "type": "LineString", "coordinates": [ [ -71.225969316929778, 48.305371313538551 ], [ -71.224105388729868, 48.305860678179549 ], [ -71.223388163043353, 48.306256034564633 ], [ -71.222497564601198, 48.307018734637722 ], [ -71.221798365107091, 48.307390856541211 ], [ -71.220673048003931, 48.307808252654731 ], [ -71.219656632401382, 48.308031426142527 ], [ -71.217388271295675, 48.308962283056715 ], [ -71.216527141057327, 48.309049342476619 ], [ -71.211772622714619, 48.308253463093557 ] ] } },
{ "type": "Feature", "properties": { "PROFONDEUR_M": 36.58 }, "geometry": { "type": "LineString", "coordinates": [ [ -71.338958606134483, 48.308213412136261 ], [ -71.339855245693073, 48.308296264727801 ], [ -71.342013047015428, 48.308701453134489 ], [ -71.344817040274549, 48.309739387601958 ], [ -71.347130929290358, 48.310054905241962 ], [ -71.347542885442067, 48.310235401690825 ], [ -71.348713342652715, 48.311038509981984 ], [ -71.349349774204484, 48.311344790674866 ], [ -71.351043382427434, 48.311697671677422 ], [ -71.351971180326871, 48.311717052081661 ], [ -71.35465469829046, 48.311481184966652 ], [ -71.355716035514092, 48.311270079569297 ], [ -71.357104181693842, 48.310836481645921 ], [ -71.357694605845239, 48.310784431797153 ], [ -71.360082366363415, 48.310925852063214 ], [ -71.362118828718167, 48.310931811735081 ], [ -71.365245974441791, 48.311488288069086 ], [ -71.37082698427399, 48.311542914323169 ], [ -71.376292876110369, 48.312243196478619 ], [ -71.377380861415773, 48.312636229733364 ], [ -71.377987280439228, 48.313096705040294 ], [ -71.379604593973198, 48.314062087874184 ], [ -71.380430103261403, 48.314243359902996 ], [ -71.382009765764124, 48.314303965572563 ], [ -71.384142459525336, 48.314556929322976 ], [ -71.38494080269777, 48.314901219245883 ], [ -71.386860657860922, 48.316121088931858 ], [ -71.388726293307627, 48.316746890495423 ], [ -71.391006080762764, 48.31714070647859 ], [ -71.392326256930218, 48.317217598564099 ], [ -71.393129447764238, 48.317354514014475 ], [ -71.39585816363379, 48.318185900497937 ], [ -71.398088525006997, 48.318393003084275 ], [ -71.398559406739764, 48.31864645570203 ], [ -71.400847015764057, 48.320764317992378 ], [ -71.401695977265817, 48.321283507461807 ], [ -71.402500281487349, 48.321505734198759 ], [ -71.40384617499457, 48.321682006577078 ], [ -71.406072014966739, 48.321708533295691 ], [ -71.407902701535903, 48.322022464978865 ], [ -71.41110558700116, 48.323547443113533 ], [ -71.41273570684379, 48.32423870877205 ], [ -71.412986006517059, 48.324388036777989 ], [ -71.413043333538781, 48.324517464276596 ], [ -71.412822626626209, 48.324613133463721 ], [ -71.410430102202156, 48.32429271369066 ], [ -71.408740674860638, 48.324365756146527 ], [ -71.406330465783782, 48.32429792177782 ], [ -71.399314961647733, 48.323476254929631 ], [ -71.396977569450854, 48.323429122288665 ], [ -71.395667776733092, 48.323532684121709 ], [ -71.392644916122123, 48.323070172834683 ], [ -71.389855489596187, 48.322798741605212 ], [ -71.386855135551457, 48.322762097371623 ], [ -71.385814461015059, 48.322624102116187 ], [ -71.385157824645489, 48.322405282820576 ], [ -71.384776170993305, 48.3221778955293 ], [ -71.382373641421054, 48.320019228522703 ], [ -71.380624876839747, 48.319131545011466 ], [ -71.378349168055692, 48.31691388936121 ], [ -71.377583992718243, 48.316465419017071 ], [ -71.376969905390141, 48.316260573962118 ], [ -71.372129227377201, 48.315916116391968 ], [ -71.369997152774644, 48.315956827631055 ], [ -71.367867129922232, 48.315584352607168 ], [ -71.366040282461725, 48.315397688898315 ], [ -71.364963312440238, 48.315372705181282 ], [ -71.362477039401313, 48.315654166616376 ], [ -71.360484183073581, 48.316319844744456 ], [ -71.358858714689788, 48.316705429317842 ], [ -71.358085692982471, 48.31678475388393 ], [ -71.355005833642139, 48.316743929198573 ], [ -71.352524347381703, 48.31630447381275 ], [ -71.351417729580476, 48.316182973722576 ], [ -71.350470458797929, 48.316234378716949 ], [ -71.345720811325691, 48.314802445567224 ], [ -71.34339862205951, 48.313529848058323 ], [ -71.34302662806661, 48.31340611927093 ], [ -71.341980109310867, 48.31345584929614 ], [ -71.340896164100329, 48.313688724576885 ], [ -71.33982726866077, 48.314187180801923 ], [ -71.338755857182733, 48.3145216662069 ], [ -71.336257887188395, 48.313887016888181 ], [ -71.33430334897605, 48.313628360158006 ], [ -71.332898844861674, 48.313161703094856 ], [ -71.331796548226507, 48.312646065222289 ], [ -71.328945385824042, 48.310763505574471 ], [ -71.328108119899625, 48.310389992025513 ], [ -71.326516821768863, 48.309857450057692 ], [ -71.325980185181479, 48.309857347776436 ], [ -71.324335338041266, 48.310238789546787 ], [ -71.322986564570172, 48.3103843532854 ], [ -71.320828813804738, 48.310055331927032 ], [ -71.318356741394311, 48.309822104453197 ], [ -71.312385798978568, 48.309528619934355 ], [ -71.310244829941638, 48.309542525512292 ], [ -71.309592541752508, 48.309476267275819 ], [ -71.30817876402854, 48.309047423917981 ], [ -71.306809967172086, 48.308446181115848 ], [ -71.304538942346113, 48.307325792839372 ], [ -71.303300483072789, 48.30652357803671 ], [ -71.303233726295502, 48.306378538809334 ], [ -71.303398813087682, 48.306036617166889 ], [ -71.303988667105074, 48.305671052058806 ], [ -71.304879278844936, 48.305443294033971 ], [ -71.307889152621101, 48.305603989287562 ], [ -71.309681628651276, 48.305829455729729 ], [ -71.312255377318778, 48.305643428916326 ], [ -71.316497649501315, 48.305719946187708 ], [ -71.317486205935637, 48.305502836807243 ], [ -71.318898320165474, 48.305337584449035 ], [ -71.320484843069508, 48.305278450061202 ], [ -71.321703724725239, 48.305358427674676 ], [ -71.322937224075559, 48.305231487183555 ], [ -71.324833681657282, 48.305256563226727 ], [ -71.325707309604169, 48.305386151162161 ], [ -71.327276158264212, 48.30587600389763 ], [ -71.327629223190485, 48.306064971684847 ], [ -71.328538320362327, 48.306815277419915 ], [ -71.329485658757932, 48.307217494778875 ], [ -71.334898829291674, 48.308284209479567 ], [ -71.335483212234337, 48.308310607383817 ], [ -71.338062832176846, 48.308143458081396 ], [ -71.338958606134483, 48.308213412136261 ] ] } },
{ "type": "Feature", "properties": { "PROFONDEUR_M": 27.43 }, "geometry": { "type": "LineString", "coordinates": [ [ -71.509786125135506, 48.345589526535782 ], [ -71.507588150188852, 48.34526485921586 ], [ -71.503573068181097, 48.344513657023597 ], [ -71.501752280509493, 48.344341839682038 ], [ -71.499309297430656, 48.344280232592737 ], [ -71.496211631808293, 48.343544292453792 ], [ -71.49490328377729, 48.343354686092347 ], [ -71.491988049734587, 48.343147201295743 ], [ -71.4905384425835, 48.343120836403884 ], [ -71.489267426430359, 48.343443991723824 ], [ -71.486468053152819, 48.343704821577724 ], [ -71.484735655063346, 48.343769208095701 ], [ -71.483793068795251, 48.343676129051516 ], [ -71.48170674702817, 48.343170059551127 ], [ -71.48114925914679, 48.343016182310237 ], [ -71.480108938575299, 48.342569361429632 ], [ -71.479172367092843, 48.34233081712096 ], [ -71.477338847231266, 48.341288720883135 ], [ -71.475154403772024, 48.34063883152848 ], [ -71.474234001440934, 48.340168918494193 ], [ -71.471232559766733, 48.338317097819626 ], [ -71.470604545224333, 48.338005888728219 ], [ -71.468789144381986, 48.337593278764189 ], [ -71.465881972718492, 48.33724935433569 ], [ -71.463827447740883, 48.336807561392369 ], [ -71.460353059032087, 48.335708489185492 ], [ -71.45841192903616, 48.334969407939788 ], [ -71.454993784167357, 48.33409415848751 ], [ -71.453651592451649, 48.333516524842153 ], [ -71.451584567462319, 48.33202075393568 ], [ -71.451241745537331, 48.331476434125321 ], [ -71.451120832149883, 48.330966864280683 ], [ -71.451307087651173, 48.330679284609324 ], [ -71.452044567781087, 48.33023327738168 ], [ -71.452448311706689, 48.330155245650573 ], [ -71.453553875357215, 48.330188066998943 ], [ -71.455767627165329, 48.330513495211427 ], [ -71.456821460481649, 48.330513664755138 ], [ -71.45783914559307, 48.33066470973791 ], [ -71.458590444020359, 48.330991842906776 ], [ -71.459787683600979, 48.331740143353052 ], [ -71.461238200995282, 48.332465820368419 ], [ -71.463176440776806, 48.332949113726038 ], [ -71.463823719410115, 48.332962512584722 ], [ -71.465355975375616, 48.332428032829974 ], [ -71.466455025648344, 48.332219527702037 ], [ -71.467352363426286, 48.332165120805222 ], [ -71.46878430114225, 48.332276329657674 ], [ -71.473425723965264, 48.333483826100682 ], [ -71.474485633965429, 48.33368179544776 ], [ -71.474821406782297, 48.333712577486899 ], [ -71.476773881258353, 48.333525254748487 ], [ -71.477683874924864, 48.333587218647885 ], [ -71.483243418060042, 48.335463033688043 ], [ -71.48771118203679, 48.336485965866871 ], [ -71.489163661152247, 48.33668160031899 ], [ -71.490262126269315, 48.337167812979814 ], [ -71.490807907186621, 48.337284793440823 ], [ -71.49142339115717, 48.337375770344721 ], [ -71.493314304949976, 48.337223013505337 ], [ -71.494010979878482, 48.33723947544398 ], [ -71.500664382066304, 48.33869142118575 ], [ -71.508562794527762, 48.339581872309466 ], [ -71.512035003510221, 48.340780226802842 ], [ -71.512876870214242, 48.340767488457082 ], [ -71.515282581287124, 48.341075563258769 ], [ -71.516937891870924, 48.340954305631612 ], [ -71.517680564736736, 48.341005093959147 ], [ -71.519635496651404, 48.341402956835864 ], [ -71.52107754900419, 48.341789222040944 ], [ -71.522386880615997, 48.341941375316999 ], [ -71.525220794620736, 48.343034638553668 ], [ -71.527598266063762, 48.343433105033554 ], [ -71.530232849116132, 48.343982819182294 ], [ -71.533209486128456, 48.344756387655913 ], [ -71.534662825133552, 48.345393057009936 ], [ -71.535807935577836, 48.346070888022581 ], [ -71.537745195236113, 48.346732246825752 ], [ -71.538609831939212, 48.347121997061741 ], [ -71.54043929542739, 48.34815567743108 ], [ -71.541354582387626, 48.348569447434897 ], [ -71.544905168101181, 48.349759344504683 ], [ -71.545705772436619, 48.350357550444521 ], [ -71.547053211844187, 48.351853980402012 ], [ -71.548443988911785, 48.35311263819321 ], [ -71.550492619393296, 48.354226587028329 ], [ -71.551268743464988, 48.354807954160506 ], [ -71.552104932110026, 48.355633711316713 ], [ -71.552522252954077, 48.356306281827862 ], [ -71.552578171294059, 48.35671095806704 ], [ -71.552450800386808, 48.356879451717099 ], [ -71.552001459838749, 48.356984967281093 ], [ -71.548970247383579, 48.356516232541445 ], [ -71.545679874953109, 48.356888987734159 ], [ -71.545018729632929, 48.356743723452531 ], [ -71.544443677948991, 48.356500460574701 ], [ -71.544092738989946, 48.356223642942709 ], [ -71.54300070757472, 48.355039044828509 ], [ -71.5409029944488, 48.353763423167074 ], [ -71.538692960414238, 48.352583624021193 ], [ -71.538136772416294, 48.351823578245252 ], [ -71.537575963133591, 48.351288221056222 ], [ -71.53518545097495, 48.350131877772675 ], [ -71.534086558507752, 48.34974401566248 ], [ -71.531929519954915, 48.349142982886796 ], [ -71.528711922241243, 48.348455315329844 ], [ -71.527057331800393, 48.34790444351632 ], [ -71.526654858782365, 48.347905175421069 ], [ -71.52530549406417, 48.348266445061277 ], [ -71.524569693037421, 48.348336401294979 ], [ -71.523375914185053, 48.348258049667031 ], [ -71.522150182445884, 48.348039036019181 ], [ -71.520354690531619, 48.347460005571186 ], [ -71.517521461194306, 48.346207539692948 ], [ -71.516419573483205, 48.346013180533319 ] ] } },
{ "type": "Feature", "properties": { "PROFONDEUR_M": 3.05 }, "geometry": { "type": "LineString", "coordinates": [ [ -71.388627474172253, 48.332127396017391 ], [ -71.389120741677203, 48.332323288912718 ], [ -71.389295691485287, 48.332491770728616 ], [ -71.389431496516266, 48.333012401827382 ], [ -71.389234573893958, 48.333436173198514 ], [ -71.388860283196053, 48.33362144224737 ], [ -71.388398616394824, 48.333654968210752 ], [ -71.387531488340827, 48.333486969156688 ], [ -71.387171378933914, 48.333285563278245 ], [ -71.387108542231402, 48.333060254497163 ], [ -71.387177525279213, 48.332770519745111 ], [ -71.387447556510622, 48.332439185049644 ], [ -71.388059857790296, 48.332115843843475 ], [ -71.388627474172253, 48.332127396017391 ] ] } },
{ "type": "Feature", "properties": { "PROFONDEUR_M": 9.14 }, "geometry": { "type": "LineString", "coordinates": [ [ -71.274321944133931, 48.352682967066109 ], [ -71.27458356630585, 48.353688991857531 ], [ -71.274527752642001, 48.354276279703726 ], [ -71.274200162350212, 48.355561163139221 ], [ -71.274190250651642, 48.355959561181187 ], [ -71.274269467299931, 48.35613735415906 ], [ -71.274454880196345, 48.356339783576317 ], [ -71.275156771423653, 48.356758299695507 ], [ -71.277208249194885, 48.35728933077543 ], [ -71.27770194785343, 48.357486184363822 ], [ -71.277827927376237, 48.357631898731903 ], [ -71.277902344465673, 48.357945894336247 ], [ -71.277744198252336, 48.358424150732581 ], [ -71.277475073547834, 48.358406658179035 ], [ -71.277300328779802, 48.35781728401696 ], [ -71.276913859080395, 48.357439554777777 ], [ -71.276047941046997, 48.357373019568854 ], [ -71.273962594410932, 48.357647552407833 ], [ -71.273587608035299, 48.357447070005108 ], [ -71.273138405728375, 48.356830353752827 ], [ -71.272913955248242, 48.356377925334506 ], [ -71.27229351473332, 48.354304259634084 ], [ -71.27237171610453, 48.35371281508845 ], [ -71.272613896522572, 48.353047950674949 ], [ -71.272243577787819, 48.35189339909742 ], [ -71.272169022698037, 48.351408572610815 ], [ -71.272223428119844, 48.350974746180796 ], [ -71.272446803369505, 48.350640149552255 ], [ -71.272925754571034, 48.350408368256346 ], [ -71.273329270277955, 48.350417828809569 ], [ -71.273492249102702, 48.35051823998311 ], [ -71.274054644574306, 48.351635636952942 ], [ -71.274321944133931, 48.352682967066109 ] ] } },
{ "type": "Feature", "properties": { "PROFONDEUR_M": 54.86 }, "geometry": { "type": "LineString", "coordinates": [ [ -71.276793296356772, 48.300126915801243 ], [ -71.279183129773145, 48.300551816551717 ], [ -71.281291410469336, 48.301080607843957 ], [ -71.283066791106393, 48.301776686383683 ], [ -71.283257081338121, 48.30195857667217 ], [ -71.283318576979298, 48.302210521740982 ], [ -71.283197407179273, 48.302304943295198 ], [ -71.282880453575345, 48.302353162053997 ], [ -71.278794699392535, 48.302496243311353 ], [ -71.275323329474517, 48.302724323928111 ], [ -71.273575133397713, 48.302935237377675 ], [ -71.272382099715813, 48.302940617769025 ], [ -71.271677391507666, 48.30267910122793 ], [ -71.269981089296166, 48.301466769256471 ], [ -71.26803180017113, 48.300252310995674 ], [ -71.267143570656486, 48.299821386876239 ], [ -71.264258387538305, 48.2986746306999 ], [ -71.26236908707169, 48.298115982609453 ], [ -71.259946554428893, 48.297580215353982 ], [ -71.259377441961632, 48.297370294494215 ], [ -71.259275634563849, 48.29721462427586 ], [ -71.25938732958447, 48.297071603439392 ], [ -71.259593079473319, 48.297007541091972 ], [ -71.260567152949747, 48.297035858386643 ], [ -71.264321787012875, 48.297976630856766 ], [ -71.267858673214263, 48.298751868971344 ], [ -71.270911646403533, 48.299255966207653 ], [ -71.273759683631852, 48.29957208218773 ], [ -71.276793296356772, 48.300126915801243 ] ] } },
{ "type": "Feature", "properties": { "PROFONDEUR_M": 54.86 }, "geometry": { "type": "LineString", "coordinates": [ [ -71.246157847262808, 48.297189652527798 ], [ -71.246461623352246, 48.296687178375009 ], [ -71.246536153304518, 48.29624191929183 ], [ -71.246878447445596, 48.296027367927898 ], [ -71.248255295294271, 48.296026289809696 ], [ -71.250066076089041, 48.296158556419989 ], [ -71.250330962305796, 48.296267203659362 ], [ -71.250125845394805, 48.296543854149164 ], [ -71.249805863225575, 48.297509333666667 ], [ -71.249639144533532, 48.297800765454021 ], [ -71.249467894917728, 48.297976941905475 ], [ -71.249124332345716, 48.29809481436876 ], [ -71.248532287596007, 48.298199600020716 ], [ -71.248079016701865, 48.298188478632682 ], [ -71.245824880023847, 48.297861281557338 ], [ -71.245708368076365, 48.297739687696094 ], [ -71.24574084916091, 48.297611910136958 ], [ -71.246157847262808, 48.297189652527798 ] ] } },
{ "type": "Feature", "properties": { "PROFONDEUR_M": 1.52 }, "geometry": { "type": "LineString", "coordinates": [ [ -71.523913378490931, 48.403900357125927 ], [ -71.523868324295563, 48.404312533009048 ], [ -71.5236690017813, 48.40464438454682 ], [ -71.523271700912531, 48.404812542339492 ], [ -71.522708029200899, 48.404877385925431 ], [ -71.521799533712411, 48.404827879844539 ], [ -71.521269012246819, 48.40470573354316 ], [ -71.521004342493526, 48.404550464771795 ], [ -71.520589009587084, 48.403467766616956 ], [ -71.521042350960826, 48.401795619031773 ], [ -71.521295437951053, 48.401610670208726 ], [ -71.52172593432033, 48.401526122699948 ], [ -71.52298901257295, 48.4016167239418 ], [ -71.523445801524772, 48.401783268705415 ], [ -71.523661917393227, 48.402004413408072 ], [ -71.523661543759729, 48.402570653847064 ], [ -71.523884386466875, 48.403084615598793 ], [ -71.523913378490931, 48.403900357125927 ] ] } }
]
}
